,Nhu cầu,Tổng tiền,Diện tích,Địa chỉ,Phòng ngủ,Phòng vệ sinh,Nội thất,Pháp lý sở hữu,View,Tầng,Hot
0,Thuê,2100000000,72.36,Bình Dương,2,2,Có,Sổ hồng,Tây,7,True
1,Bán,1638000000,40.96,Quận 1,2,2,Ko,Khác,Đông Nam,19,False
2,Thuê,7500000,57.68,Quận 5,2,2,Full,Hợp đồng mua bán,Đông Nam,5,False
3,Bán,2000000000,41.04,Quận Bình Tân,2,2,Ko,Hợp đồng mua bán,Tây Nam,8,False
4,Bán,1638000000,60.08,Quận 4,3,2,Có,Sổ hồng,Tây Bắc,12,True
5,Thuê rồi,1700000000,72.24,Quận Phú Nhuận,1,1,Có,Sổ hồng,Đông Bắc,11,False
6,Thuê,2300000000,78.16,Quận 8,1,1,Full,Sổ hồng,Tây Nam,6,False
7,Bán rồi,2070000000,65.16,Quận 4,2,2,Ko,Sổ hồng,Đông Nam,15,False
8,Bán rồi,1900000000,65.56,Quận Tân Phú,2,2,Ko,Hợp đồng mua bán,Đông Nam,8,False
9,Thuê,2244000000,57.08,Quận Tân Bình,2,2,Có,Sổ hồng,Đông Bắc,14,False
10,Bán,1550000000,47.68,Quận 3,1,1,Ko,Sổ hồng,Đông Bắc,19,False
11,Thuê rồi,1750000000,46.28,Quận 3,3,2,Full,Hợp đồng mua bán,Tây Nam,5,False
12,Bán,2100000000,52.36,Bình Dương,3,2,Full,Sổ hồng,Đông Nam,5,True
13,Knc,1800000000,69.88,Bình Dương,2,2,Có,Sổ hồng,Tây Bắc,10,False
14,Bán,1900000000,62.36,Quận 10,3,2,Ko,Sổ hồng,Tây Bắc,19,True
15,Knc,1750000000,51.24,Quận 12,3,2,Ko,Hợp đồng mua bán,Đông Nam,9,False
16,Bán,1903000000,62.36,Quận 10,3,2,Ko,Khác,Tây Nam,14,True
17,Bán,2034000000,43.32,Quận 3,3,2,Ko,Hợp đồng mua bán,Đông Nam,17,False
18,Bán,1700000000,49.64,Quận 5,2,2,Ko,Sổ hồng,Tây Nam,11,False
19,Thuê,1750000000,41.24,Quận 7,Shophouse,Shophouse,Ko,Sổ hồng,Đông Nam,0,True
20,Bán,4300000000,52.92,Quận Bình Thạnh,Shophouse,Shophouse,Ko,Hợp đồng mua bán,Tây Bắc,5,False
21,Bán,2150000000,55.96,Quận 7,2,2,Có,Sổ hồng,Tây Nam,19,False
22,Thuê rồi,1800000000,73.2,Quận Tân Phú,Shophouse,Shophouse,Có,Sổ hồng,Tây Bắc,0,True
23,Bán,2100000000,42.44,Quận 1,3,2,Ko,Sổ hồng,Tây Nam,18,True
24,Bán,1903000000,42.0,Quận Phú Nhuận,3,2,Ko,Sổ hồng,Tây Nam,14,True
25,Bán,1947500000,78.08,Quận 1,3,2,Ko,Khác,Đông Nam,18,True
26,Thuê rồi,1950000000,63.24,Quận Gò Vấp,2,2,Full,Sổ hồng,Tây Bắc,6,False
27,Bán,2200000000,75.44,Quận 2,3,2,Có,Sổ hồng,Đông Nam,15,False
28,Bán,2100000000,76.16,Quận 10,3,2,Ko,Sổ hồng,Tây Bắc,18,True
29,Knc,2559000000,49.64,Bình Dương,2,2,Ko,Hợp đồng mua bán,Đông Bắc,16,False
30,Bán rồi,2000000000,58.0,Quận 2,2,2,Ko,Hợp đồng mua bán,Đông Bắc,10,False
31,Thuê,1850000000,70.52,Quận Bình Thạnh,3,2,Ko,Sổ hồng,Đông Bắc,12,False
32,Bán,5500000,62.88,Quận 8,2,2,Ko,Sổ hồng,Tây Nam,18,False
33,Knc,1853000000,48.08,Quận 3,3,2,Ko,Sổ hồng,Tây Nam,17,True
34,Thuê,8000000,52.0,Quận 6,3,2,Có,Sổ hồng,Tây Nam,6,False
35,Bán rồi,2000000000,61.44,Quận 2,2,2,Ko,Sổ hồng,Đông Bắc,10,False
36,Bán,1903000000,73.88,Quận Bình Thạnh,3,2,Ko,Sổ hồng,Tây Nam,14,True
37,Thuê rồi,1750000000,46.92,Quận 2,2,2,Full,Hợp đồng mua bán,Đông Nam,12,True
38,Knc,2228000000,41.16,Bình Dương,3,2,Có,Sổ hồng,Tây Bắc,13,True
39,Bán,2158000000,41.16,Quận 8,2,2,Ko,Hợp đồng mua bán,Tây Bắc,18,True
40,Bán,1838000000,41.36,Quận 12,2,2,Full,Sổ hồng,Tây Bắc,8,False
41,Thuê,8000000,70.72,Quận 10,3,2,Full,Sổ hồng,Tây Nam,6,True
42,Knc,1800000000,40.96,Quận 3,3,2,Ko,Hợp đồng mua bán,Đông Bắc,12,True
43,Bán,2026000000,69.0,Quận 10,3,2,Có,Sổ hồng,Tây Nam,18,True
44,Bán,1776000000,79.08,Quận 11,3,2,Full,Hợp đồng mua bán,Tây Bắc,13,True
45,Bán,1826000000,50.12,Quận 10,3,2,Ko,Sổ hồng,Đông Nam,18,False
46,Thuê rồi,1900000000,65.24,Quận Bình Thạnh,2,2,Ko,Sổ hồng,Tây Nam,6,False
47,Bán,1850000000,50.68,Quận 4,2,2,Ko,Hợp đồng mua bán,Tây Nam,6,False
48,Bán rồi,1920000000,64.36,Quận 12,3,2,Ko,Sổ hồng,Tây Bắc,15,False
49,Bán,4516000000,58.56,Quận Phú Nhuận,Shophouse,Shophouse,Ko,Khác,Đông Bắc,0,False
50,Bán,2600000000,61.24,Quận 4,2,2,Ko,Khác,Tây Bắc,18,True
51,Bán,2000000000,70.64,Quận Gò Vấp,3,2,Có,Hợp đồng mua bán,Tây Bắc,5,True
52,Bán,2000000000,63.36,Quận Phú Nhuận,2,2,Full,Hợp đồng mua bán,Tây Bắc,8,False
53,Bán rồi,3905000000,72.12,Quận 1,2,2,Ko,Sổ hồng,Đông Bắc,10,False
54,Bán,1850000000,52.24,Quận 2,3,2,Ko,Hợp đồng mua bán,Tây Nam,5,True
55,Bán rồi,1700000000,72.0,Quận 10,Shophouse,Shophouse,Ko,Hợp đồng mua bán,Bắc,0,False
56,Bán rồi,2500000000,72.88,Quận 7,2,2,Ko,Sổ hồng,Đông Bắc,0,False
57,Bán rồi,2464000000,51.08,Quận 11,Shophouse,Shophouse,Ko,Hợp đồng mua bán,Bắc,0,True
58,Bán,7500000,64.44,Bình Dương,2,2,Ko,Khác,Đông Nam,11,True
59,Bán,3100000000,70.72,Quận 11,Shophouse,Shophouse,Full,Sổ hồng,Bắc,0,False
60,Thuê,12000000,59.0,Quận Tân Phú,Shophouse,Shophouse,Ko,Hợp đồng mua bán,Tây,0,False
61,Bán,4300000000,46.8,Quận Bình Thạnh,Shophouse,Shophouse,Có,Sổ hồng,Đông Nam,0,True
62,Knc,8000000,60.52,Quận 6,Shophouse,Shophouse,Có,Khác,Nam,0,True
63,Knc,1920000000,44.76,Quận Thủ Đức,2,2,Ko,Hợp đồng mua bán,Đông Nam,10,False
64,Bán,3905000000,42.6,Quận 10,Shophouse,Shophouse,Full,Sổ hồng,Đông Nam,0,True
65,Bán,5918000000,77.56,Quận 5,Shophouse,Shophouse,Full,Hợp đồng mua bán,Tây Nam,0,True
66,Knc,1980000000,54.0,Quận Tân Phú,2,2,Full,Khác,Đông Nam,19,False
67,Knc,1800000000,48.68,Quận 11,Shophouse,Shophouse,Ko,Sổ hồng,Bắc,0,True
68,Thuê rồi,2100000000,70.56,Quận 11,2,2,Có,Khác,Đông Nam,13,True
69,Knc,5000000000,76.4,Quận Tân Phú,Shophouse,Shophouse,Full,Hợp đồng mua bán,Bắc,0,True
70,Knc,1730000000,72.12,Quận Phú Nhuận,Shophouse,Shophouse,Ko,Khác,Bắc,0,False
71,Knc,1750000000,43.44,Quận Bình Tân,Shophouse,Shophouse,Có,Sổ hồng,Đông Nam,0,True
72,Knc,1730000000,54.04,Bình Dương,Shophouse,Shophouse,Full,Sổ hồng,Đông,0,True
73,Knc,1900000000,79.4,Quận 10,Shophouse,Shophouse,Full,Hợp đồng mua bán,Đông,0,False
74,Bán,5000000000,66.2,Quận Gò Vấp,Shophouse,Shophouse,Ko,Sổ hồng,Đông Nam,0,True
75,Knc,1826000000,77.8,Quận 5,Shophouse,Shophouse,Full,Hợp đồng mua bán,Tây Bắc,0,False
76,Knc,1826000000,48.96,Quận 7,2,2,Full,Sổ hồng,Đông Nam,16,True
77,Thuê,2500000000,50.52,Quận 11,3,2,Ko,Sổ hồng,Tây Bắc,16,True
78,Bán rồi,2254000000,74.08,Quận 7,3,2,Ko,Sổ hồng,Đông Nam,16,False
79,Bán,1726000000,63.88,Quận Tân Bình,2,2,Có,Hợp đồng mua bán,Tây Bắc,17,True
80,Thuê rồi,1900000000,58.16,Quận 6,2,2,Có,Sổ hồng,Tây Bắc,16,False
81,Knc,1686000000,67.2,Quận Thủ Đức,2,2,Full,Sổ hồng,Tây Bắc,16,False
82,Bán rồi,1520000000,69.36,Quận 8,2,2,Ko,Sổ hồng,Tây Bắc,17,False
83,Bán rồi,2200000000,74.28,Quận Gò Vấp,3,2,Ko,Sổ hồng,Tây Bắc,17,True
84,Bán rồi,6500000,43.0,Quận 10,2,2,Ko,Hợp đồng mua bán,Tây Bắc,17,False
85,Knc,2000000000,45.48,Quận 5,2,2,Có,Khác,Tây Bắc,17,False
86,Bán rồi,1900000000,66.8,Quận 4,2,2,Có,Sổ hồng,Tây Bắc,16,False
87,Bán,1903000000,58.08,Quận Thủ Đức,2,2,Full,Sổ hồng,Tây Bắc,16,False
88,Knc,5500000,61.04,Quận Phú Nhuận,2,2,Full,Sổ hồng,Tây Bắc,17,False
89,Bán,2300000000,68.4,Quận Tân Bình,3,2,Full,Sổ hồng,Tây Bắc,17,True
90,Thuê rồi,2100000000,65.4,Quận 5,2,2,Full,Sổ hồng,Đông Bắc,7,False
91,Bán rồi,1,69.36,Quận 7,2,2,Full,Sổ hồng,Tây Bắc,19,True
92,Knc,2200000000,73.04,Quận 8,2,2,Ko,Sổ hồng,Tây Bắc,19,False
93,Bán rồi,1700000000,65.6,Quận 6,3,2,Full,Hợp đồng mua bán,Tây Nam,14,False
94,Bán,1950000000,65.76,Quận 5,2,2,Full,Sổ hồng,Tây Bắc,18,True
95,Knc,2053000000,57.68,Quận Bình Tân,3,2,Ko,Khác,Đông Nam,19,False
96,Thuê,2387600000,46.76,Quận 6,3,2,Ko,Sổ hồng,Tây Bắc,19,True
97,Thuê,7000000,58.8,Quận 11,2,2,Có,Sổ hồng,Tây Bắc,19,False
98,Knc,7500000,56.52,Quận 6,2,2,Có,Hợp đồng mua bán,Tây Bắc,17,False
99,Bán rồi,2070000000,60.04,Quận 3,2,2,Ko,Sổ hồng,Đông Nam,18,True
100,Knc,1900000000,41.84,Quận Bình Tân,2,2,Ko,Hợp đồng mua bán,Đông Nam,17,True
101,Bán,1826000000,52.44,Quận Thủ Đức,2,2,Full,Hợp đồng mua bán,Đông Nam,17,False
102,Knc,7500000,40.16,Quận 8,3,2,Có,Sổ hồng,Đông Nam,18,False
103,Thuê rồi,1900000000,55.6,Quận 3,2,2,Full,Hợp đồng mua bán,Tây Bắc,18,False
104,Knc,2246000000,65.28,Quận Bình Thạnh,2,2,Có,Hợp đồng mua bán,Đông Nam,13,True
105,Knc,18260,52.52,Bình Dương,1,1,Full,Sổ hồng,Tây Bắc,18,True
106,Bán rồi,2100000000,78.84,Quận 5,2,2,Có,Hợp đồng mua bán,Đông Nam,18,False
107,Knc,2000000000,66.04,Quận 6,2,2,Full,Hợp đồng mua bán,Đông Nam,18,True
108,Bán rồi,1950000000,51.72,Quận Thủ Đức,3,2,Full,Sổ hồng,Tây Bắc,19,False
109,Thuê rồi,2000000000,67.08,Quận 1,2,2,Ko,Sổ hồng,Tây Bắc,19,True
110,Knc,1700000000,76.04,Quận Gò Vấp,3,2,Ko,Hợp đồng mua bán,Đông Nam,19,True
111,Knc,4300000000,49.56,Quận Bình Tân,2,2,Full,Sổ hồng,Đông Bắc,5,False
112,Knc,6000000,55.52,Quận 2,2,2,Có,Sổ hồng,Đông Nam,17,True
113,Knc,1846000000,58.04,Quận 5,3,2,Có,Sổ hồng,Đông Bắc,4,False
114,Bán rồi,2500000000,41.44,Quận Tân Bình,2,2,Có,Hợp đồng mua bán,Đông Nam,17,False
115,Thuê,2200000000,55.72,Quận 10,2,2,Ko,Sổ hồng,Tây Bắc,18,True
116,Bán,4300000000,77.2,Quận 4,3,2,Full,Khác,Đông Nam,4,True
117,Knc,2244000000,49.92,Quận 3,Shophouse,Shophouse,Ko,Khác,Tây Nam,0,True
118,Knc,1853000000,45.68,Bình Dương,2,2,Có,Sổ hồng,Tây Bắc,18,False
119,Knc,1750000000,48.04,Quận 6,2,2,Có,Sổ hồng,Tây Bắc,19,True
120,Bán rồi,2200000000,57.04,Quận Thủ Đức,3,2,Có,Hợp đồng mua bán,Đông Bắc,4,True
121,Bán rồi,2000000000,47.28,Quận 9,2,2,Có,Khác,Đông Bắc,5,False
122,Knc,1950000000,54.52,Quận Bình Tân,2,2,Ko,Sổ hồng,Đông Nam,18,False
123,Knc,3500000000,48.16,Quận 3,2,2,Full,Sổ hồng,Đông Nam,18,False
124,Bán,1920000000,49.56,Quận Bình Thạnh,2,2,Ko,Khác,Đông Nam,19,False
125,Bán rồi,1726000000,70.52,Quận 5,2,2,Ko,Sổ hồng,Tây Bắc,14,True
126,Knc,6500000,53.0,Quận 3,2,2,Có,Sổ hồng,Đông Nam,17,True
127,Bán rồi,1730000000,67.0,Quận Tân Phú,3,2,Ko,Khác,Đông Nam,17,False
128,Thuê rồi,2100000000,68.08,Quận Bình Tân,2,2,Có,Hợp đồng mua bán,Tây Bắc,17,False
129,Thuê,1520000000,69.08,Quận 10,2,2,Ko,Sổ hồng,Đông Nam,18,True
130,Knc,3500000000,56.8,Quận 11,3,2,Có,Sổ hồng,Đông Nam,19,True
131,Thuê,1900000000,66.16,Quận Bình Tân,2,2,Full,Hợp đồng mua bán,Đông Nam,19,False
132,Knc,1803000000,67.0,Quận 7,1,1,Full,Sổ hồng,Tây Bắc,19,True
133,Knc,2200000000,69.24,Quận Gò Vấp,2,2,Ko,Sổ hồng,Tây Bắc,18,False
134,Thuê,1950000000,77.24,Quận 10,2,2,Ko,Hợp đồng mua bán,Đông Nam,18,True
135,Bán rồi,1903000000,73.32,Quận 6,2,2,Ko,Sổ hồng,Đông Nam,9,True
136,Bán,2100000000,73.92,Quận Phú Nhuận,2,2,Có,Khác,Đông Bắc,17,False
137,Bán rồi,1780000000,49.36,Quận Gò Vấp,2,2,Có,Hợp đồng mua bán,Đông Nam,17,False
138,Thuê rồi,1620000000,53.56,Quận 11,2,2,Có,Khác,Tây Bắc,17,True
139,Thuê rồi,2500000000,70.92,Quận 6,2,2,Full,Hợp đồng mua bán,Đông Bắc,13,False
140,Thuê,6500000,55.96,Bình Dương,3,2,Ko,Sổ hồng,Tây Bắc,18,False
141,Knc,1950000000,54.64,Quận Tân Bình,2,2,Có,Khác,Đông Nam,18,True
142,Bán rồi,4300000000,40.16,Quận Thủ Đức,2,2,Có,Hợp đồng mua bán,Tây Bắc,8,True
143,Knc,2100000000,58.6,Quận 3,3,2,Full,Sổ hồng,Đông Nam,17,False
144,Bán rồi,1920000000,48.12,Quận 4,2,2,Ko,Khác,Tây Bắc,17,False
145,Bán rồi,1700000000,44.76,Quận 5,2,2,Full,Hợp đồng mua bán,Tây Bắc,19,False
146,Bán rồi,18260,76.24,Quận Thủ Đức,2,2,Full,Hợp đồng mua bán,Đông Nam,17,True
147,Knc,2244000000,65.2,Quận 5,2,2,Ko,Sổ hồng,Tây Bắc,17,False
148,Thuê,1800000000,52.4,Quận Thủ Đức,2,2,Full,Sổ hồng,Tây Bắc,18,False
149,Thuê rồi,2387600000,68.72,Quận 3,2,2,Full,Hợp đồng mua bán,Tây Bắc,19,True
150,Bán rồi,5918000000,78.68,Quận 7,3,2,Ko,Sổ hồng,Tây Bắc,18,True
151,Knc,2387600000,50.4,Quận Gò Vấp,3,2,Ko,Hợp đồng mua bán,Đông Nam,18,True
152,Thuê,2550000000,64.72,Quận 10,3,2,Ko,Khác,Tây Bắc,19,False
153,Thuê,1550000000,69.0,Quận 7,2,2,Full,Hợp đồng mua bán,Đông Nam,19,True
154,Bán rồi,1950000000,71.92,Quận Bình Tân,2,2,Có,Sổ hồng,Đông Nam,19,False
155,Knc,1750000000,58.12,Bình Dương,2,2,Ko,Sổ hồng,Tây Bắc,17,True
156,Knc,7500000,41.08,Quận 6,2,2,Full,Sổ hồng,Tây Bắc,18,False
157,Knc,2150000000,62.32,Quận 11,2,2,Ko,Sổ hồng,Đông Nam,18,False
158,Knc,1838000000,65.72,Quận 8,2,2,Có,Sổ hồng,Đông Nam,19,False
159,Thuê rồi,2500000000,51.28,Quận Bình Thạnh,2,2,Có,Sổ hồng,Đông Nam,18,False
160,Bán,1638000000,49.28,Quận 4,2,2,Full,Hợp đồng mua bán,Đông Nam,19,False
161,Thuê rồi,1750000000,56.08,Quận Phú Nhuận,2,2,Full,Khác,Tây Bắc,19,False
162,Knc,6500000,59.4,Quận 4,1,1,Ko,Sổ hồng,Tây Bắc,19,True
163,Bán rồi,2040000000,77.2,Quận 5,3,2,Full,Hợp đồng mua bán,Đông Nam,17,True
164,Bán,1700000000,70.72,Quận 4,2,2,Có,Sổ hồng,Đông Nam,17,True
165,Bán rồi,1686000000,45.8,Quận 10,2,2,Có,Sổ hồng,Đông Nam,17,False
166,Thuê rồi,1850000000,61.48,Quận Phú Nhuận,3,2,Ko,Hợp đồng mua bán,Tây Nam,15,True
167,Knc,7500000,63.76,Quận Phú Nhuận,2,2,Ko,Hợp đồng mua bán,Tây Bắc,18,False
168,Knc,1850000000,50.44,Quận 5,2,2,Full,Sổ hồng,Tây Bắc,19,False
169,Knc,1,69.56,Quận Tân Phú,2,2,Có,Hợp đồng mua bán,Đông Nam,19,False
170,Thuê rồi,1688000000,65.0,Quận 10,1,1,Có,Hợp đồng mua bán,Tây Bắc,17,False
171,Bán rồi,1826000000,65.32,Quận 11,2,2,Có,Sổ hồng,Đông Bắc,14,True
172,Knc,1900000000,41.8,Bình Dương,2,2,Ko,Sổ hồng,Tây Bắc,18,False
173,Knc,1846000000,65.2,Quận 1,2,2,Ko,Sổ hồng,Tây Bắc,19,False
174,Knc,2100000000,73.96,Quận 11,3,2,Full,Sổ hồng,Tây Nam,5,False
175,Bán rồi,2000000000,72.56,Quận 8,2,2,Ko,Hợp đồng mua bán,Đông Nam,13,True
176,Bán,2000000000,53.04,Quận Thủ Đức,3,2,Ko,Khác,Tây Bắc,13,True
177,Knc,2150000000,45.48,Quận Bình Thạnh,3,2,Có,Khác,Tây Bắc,14,True
178,Bán,2000000000,57.44,Quận 9,2,2,Ko,Khác,Tây Bắc,13,False
179,Bán rồi,2100000000,75.56,Quận 9,1,1,Có,Khác,Tây Bắc,14,False
180,Knc,1726000000,54.48,Quận Bình Thạnh,2,2,Ko,Sổ hồng,Tây Bắc,13,False
181,Knc,2200000000,45.04,Quận Bình Tân,2,2,Full,Sổ hồng,Đông Nam,13,True
182,Bán,2600000000,49.52,Quận Tân Phú,3,2,Có,Khác,Đông Nam,13,True
183,Knc,12000000,49.68,Quận 3,1,1,Có,Sổ hồng,Tây Bắc,14,True
184,Thuê rồi,1686000000,72.68,Quận 5,1,1,Ko,Sổ hồng,Tây Bắc,15,True
185,Bán rồi,1850000000,55.64,Quận 10,1,1,Ko,Khác,Tây Bắc,13,True
186,Knc,1750000000,73.36,Quận 11,2,2,Ko,Khác,Tây Bắc,14,False
187,Bán rồi,1750000000,48.44,Quận 10,2,2,Ko,Sổ hồng,Đông Nam,14,False
188,Thuê rồi,1920000000,56.96,Quận 6,2,2,Full,Hợp đồng mua bán,Đông Bắc,8,False
189,Knc,2000000000,68.12,Quận 8,1,1,Full,Hợp đồng mua bán,Tây Bắc,15,False
190,Bán,1846000000,60.24,Quận Bình Tân,3,2,Ko,Hợp đồng mua bán,Đông Nam,14,True
191,Knc,1700000000,40.24,Quận Bình Thạnh,3,2,Full,Sổ hồng,Đông Bắc,7,True
192,Knc,1950000000,72.12,Quận 3,2,2,Có,Sổ hồng,Đông Nam,14,False
193,Knc,1700000000,72.96,Quận Gò Vấp,2,2,Full,Hợp đồng mua bán,Tây Bắc,15,True
194,Knc,2600000000,67.76,Quận 5,2,2,Có,Khác,Tây Bắc,15,False
195,Knc,2053000000,40.2,Quận 5,2,2,Full,Hợp đồng mua bán,Đông Nam,15,False
196,Bán rồi,2559000000,48.64,Quận 1,2,2,Full,Sổ hồng,Đông Nam,18,False
197,Knc,2300000000,62.16,Bình Dương,2,2,Ko,Hợp đồng mua bán,Đông Bắc,8,False
198,Knc,6500000,56.96,Quận Bình Tân,3,2,Ko,Sổ hồng,Tây Bắc,15,True
199,Bán,1700000000,50.64,Quận 6,2,2,Full,Hợp đồng mua bán,Tây Bắc,15,True
200,Knc,6500000,68.44,Quận Tân Bình,2,2,Full,Khác,Đông Nam,13,True
201,Bán rồi,1780000000,48.96,Quận Bình Tân,2,2,Full,Sổ hồng,Đông Nam,15,True
202,Knc,1850000000,53.72,Bình Dương,2,2,Full,Sổ hồng,Tây Bắc,6,False
203,Thuê rồi,1800000000,78.68,Quận Tân Bình,2,2,Full,Sổ hồng,Đông Nam,13,False
204,Bán rồi,2070000000,56.04,Quận 5,3,2,Ko,Sổ hồng,Đông Nam,13,False
205,Bán rồi,1750000000,60.04,Quận 8,2,2,Ko,Sổ hồng,Tây Bắc,13,True
206,Bán,1950000000,52.12,Quận Phú Nhuận,2,2,Ko,Sổ hồng,Tây Nam,7,True
207,Thuê rồi,1850000000,49.76,Quận Thủ Đức,2,2,Ko,Hợp đồng mua bán,Đông Nam,13,False
208,Knc,2000000000,71.96,Quận 11,2,2,Full,Sổ hồng,Tây Nam,16,False
209,Bán,1800000000,68.12,Quận Bình Thạnh,2,2,Full,Sổ hồng,Đông Nam,13,False
210,Bán,1,64.12,Quận 11,1,1,Có,Sổ hồng,Tây Bắc,14,False
211,Knc,6000000,68.4,Quận 7,2,2,Ko,Sổ hồng,Tây Bắc,14,False
212,Knc,1750000000,79.4,Quận 12,2,2,Có,Khác,Tây Bắc,13,True
213,Bán rồi,2100000000,60.68,Quận 6,2,2,Có,Sổ hồng,Tây Bắc,14,False
214,Knc,1700000000,42.56,Quận Phú Nhuận,2,2,Có,Khác,Tây Bắc,13,False
215,Knc,2300000000,43.2,Quận Bình Thạnh,1,1,Full,Sổ hồng,Tây Bắc,14,False
216,Knc,1776000000,43.12,Quận 10,1,1,Có,Hợp đồng mua bán,Tây Bắc,14,False
217,Bán rồi,1600000000,67.12,Quận Tân Bình,2,2,Có,Sổ hồng,Đông Nam,14,True
218,Knc,1803000000,60.28,Quận 6,1,1,Có,Sổ hồng,Tây Bắc,16,True
219,Knc,2300000000,65.32,Quận 12,2,2,Có,Khác,Đông Nam,14,True
220,Bán rồi,4300000000,55.6,Quận 5,1,1,Full,Sổ hồng,Tây Bắc,14,False
221,Knc,2100000000,59.36,Quận 10,2,2,Có,Hợp đồng mua bán,Đông Nam,15,False
222,Thuê rồi,1800000000,65.32,Quận 4,2,2,Ko,Khác,Đông Nam,14,False
223,Bán,2100000000,62.08,Quận 3,2,2,Ko,Hợp đồng mua bán,Tây Bắc,14,True
224,Bán rồi,2550000000,79.8,Quận 6,2,2,Full,Sổ hồng,Đông Nam,14,True
225,Bán rồi,1826000000,65.84,Quận Thủ Đức,2,2,Ko,Khác,Đông Nam,14,False
226,Thuê rồi,2200000000,63.52,Quận 12,3,2,Full,Sổ hồng,Tây Bắc,15,False
227,Knc,1520000000,49.84,Quận 9,2,2,Full,Sổ hồng,Đông Nam,15,False
228,Thuê,7000000,46.32,Quận Phú Nhuận,3,2,Ko,Khác,Đông Nam,14,True
229,Thuê,2300000000,43.04,Quận 8,3,2,Có,Sổ hồng,Tây Bắc,15,False
230,Thuê,2007000000,54.36,Quận 8,2,2,Có,Hợp đồng mua bán,Tây Bắc,14,True
231,Bán rồi,2056000000,54.64,Bình Dương,2,2,Full,Sổ hồng,Đông Nam,16,True
232,Bán rồi,1950000000,47.72,Quận 11,2,2,Full,Sổ hồng,Tây Bắc,18,True
233,Thuê,2300000000,41.16,Quận 10,1,1,Có,Sổ hồng,Tây Bắc,15,False
234,Knc,1550000000,46.64,Quận 1,1,1,Full,Sổ hồng,Tây Bắc,15,False
235,Thuê,1776000000,58.4,Quận 8,2,2,Full,Sổ hồng,Đông Nam,14,True
236,Knc,2100000000,66.6,Quận Thủ Đức,1,1,Full,Sổ hồng,Tây Bắc,15,False
237,Bán rồi,1950000000,63.08,Quận Bình Thạnh,1,1,Ko,Hợp đồng mua bán,Tây Bắc,15,False
238,Knc,2000000000,59.2,Quận Thủ Đức,2,2,Full,Sổ hồng,Tây Bắc,15,True
239,Thuê rồi,2300000000,74.04,Quận 3,3,2,Full,Sổ hồng,Tây Bắc,14,True
240,Knc,2100000000,68.4,Quận 6,2,2,Có,Khác,Đông Nam,17,True
241,Knc,1,45.92,Quận 1,1,1,Có,Sổ hồng,Tây Bắc,15,True
242,Knc,2000000000,41.24,Quận 9,2,2,Có,Hợp đồng mua bán,Đông Nam,15,True
243,Knc,2000000000,51.16,Quận 2,2,2,Full,Sổ hồng,Đông Nam,15,True
244,Knc,1550000000,56.2,Quận 11,2,2,Ko,Hợp đồng mua bán,Đông Nam,15,False
245,Knc,2600000000,73.4,Bình Dương,2,2,Full,Khác,Đông Nam,15,False
246,Knc,1838000000,70.56,Bình Dương,1,1,Ko,Sổ hồng,Tây Bắc,16,True
247,Knc,5500000,58.76,Quận 7,2,2,Full,Sổ hồng,Đông Nam,15,False
248,Knc,1686000000,74.6,Quận Bình Tân,2,2,Full,Khác,Đông Nam,15,False
249,Thuê,1,64.24,Quận 11,3,2,Ko,Hợp đồng mua bán,Đông Nam,15,True
250,Bán rồi,2000000000,49.64,Quận 11,1,1,Ko,Sổ hồng,Tây Bắc,16,True
251,Bán rồi,2100000000,78.44,Quận Thủ Đức,3,2,Ko,Sổ hồng,Tây Bắc,15,True
252,Knc,6500000,72.16,Quận 11,2,2,Ko,Sổ hồng,Đông Nam,16,True
253,Knc,2000000000,43.08,Quận Bình Tân,3,2,Có,Hợp đồng mua bán,Tây Bắc,16,False
254,Bán rồi,6000000,55.04,Quận 2,2,2,Full,Sổ hồng,Đông Nam,15,False
255,Bán rồi,1826000000,70.44,Quận 7,1,1,Ko,Hợp đồng mua bán,Tây Bắc,16,True
256,Bán,2000000000,66.8,Quận Bình Tân,3,2,Ko,Hợp đồng mua bán,Đông Nam,15,False
257,Bán rồi,4300000000,73.44,Quận 5,2,2,Ko,Hợp đồng mua bán,Đông Nam,16,False
258,Bán,2040000000,59.2,Quận 12,2,2,Full,Sổ hồng,Tây Bắc,15,True
259,Bán rồi,3059000000,47.92,Quận Tân Bình,2,2,Ko,Hợp đồng mua bán,Đông Nam,16,True
260,Knc,6500000,55.84,Quận 6,2,2,Có,Hợp đồng mua bán,Tây Bắc,15,True
261,Thuê rồi,1638000000,79.08,Quận 12,2,2,Có,Khác,Tây Bắc,15,True
262,Bán,1950000000,70.64,Quận 12,2,2,Ko,Sổ hồng,Tây Bắc,16,False
263,Knc,1903000000,54.92,Quận 12,2,2,Full,Sổ hồng,Đông Nam,16,False
264,Bán,2046000000,66.96,Quận 11,3,2,Ko,Hợp đồng mua bán,Đông Nam,16,False
265,Knc,1950000000,70.88,Quận 6,1,1,Có,Sổ hồng,Tây Bắc,16,False
266,Knc,1800000000,54.52,Quận Phú Nhuận,1,1,Full,Sổ hồng,Tây Bắc,16,False
267,Knc,2100000000,77.4,Quận 3,3,2,Ko,Khác,Tây Bắc,16,False
268,Thuê,6000000,65.56,Bình Dương,2,2,Full,Hợp đồng mua bán,Đông Nam,16,True
269,Bán rồi,1850000000,66.6,Quận 4,2,2,Có,Sổ hồng,Đông Nam,16,False
270,Bán rồi,2000000000,69.48,Bình Dương,2,2,Full,Sổ hồng,Đông Nam,16,False
271,Knc,1550000000,56.0,Quận 1,2,2,Ko,Hợp đồng mua bán,Đông Nam,16,True
272,Knc,1750000000,63.84,Quận 6,2,2,Full,Sổ hồng,Tây Bắc,11,True
273,Knc,6500000,59.24,Quận 8,2,2,Ko,Sổ hồng,Tây Nam,6,False
274,Bán rồi,2000000000,68.32,Quận Bình Thạnh,3,2,Có,Sổ hồng,Tây Bắc,10,True
275,Thuê,1550000000,72.64,Quận Tân Bình,2,2,Có,Sổ hồng,Đông Nam,11,True
276,Knc,1686000000,42.92,Quận Gò Vấp,2,2,Có,Sổ hồng,Đông Nam,10,True
277,Bán,1950000000,47.36,Quận 11,3,2,Có,Sổ hồng,Đông Nam,11,True
278,Bán,1,64.4,Quận 12,2,2,Ko,Sổ hồng,Đông Nam,10,True
279,Knc,1900000000,55.96,Quận Bình Tân,2,2,Full,Sổ hồng,Đông Nam,10,True
280,Bán rồi,2200000000,58.52,Quận Tân Bình,2,2,Ko,Hợp đồng mua bán,Đông Nam,10,False
281,Knc,2034000000,67.96,Quận 1,2,2,Có,Sổ hồng,Đông Nam,11,False
282,Bán rồi,2100000000,61.28,Quận 11,3,2,Ko,Sổ hồng,Đông Nam,10,False
283,Knc,2400000000,78.64,Quận 7,2,2,Full,Sổ hồng,Tây Bắc,10,False
284,Bán rồi,1980000000,46.28,Quận 10,2,2,Có,Khác,Đông Nam,11,False
285,Knc,1900000000,50.88,Quận 9,2,2,Ko,Sổ hồng,Tây Bắc,10,True
286,Bán,1726000000,77.88,Quận 3,2,2,Có,Sổ hồng,Đông Nam,11,True
287,Thuê rồi,1900000000,68.96,Quận 1,1,1,Full,Sổ hồng,Đông Nam,11,True
288,Bán,1950000000,62.72,Quận 1,3,2,Ko,Sổ hồng,Đông Nam,11,False
289,Knc,2000000000,57.0,Quận 6,2,2,Full,Sổ hồng,Đông Nam,11,True
290,Bán rồi,5500000,47.44,Quận 1,2,2,Có,Sổ hồng,Đông Nam,11,False
291,Knc,2100000000,67.16,Quận 7,3,2,Full,Sổ hồng,Đông Nam,9,False
292,Knc,2100000000,56.64,Quận Bình Thạnh,2,2,Có,Hợp đồng mua bán,Đông Nam,12,False
293,Bán rồi,2387600000,60.84,Quận 11,2,2,Full,Sổ hồng,Đông Nam,11,True
294,Knc,1850000000,57.72,Quận 10,2,2,Full,Sổ hồng,Đông Nam,12,True
295,Knc,2300000000,77.44,Quận Bình Thạnh,2,2,Có,Sổ hồng,Đông Nam,11,False
296,Knc,2000000000,43.96,Quận 11,3,2,Ko,Hợp đồng mua bán,Đông Nam,11,True
297,Thuê,1826000000,66.84,Quận 8,3,2,Có,Sổ hồng,Đông Nam,11,True
298,Thuê rồi,5000000000,77.44,Quận 5,2,2,Có,Hợp đồng mua bán,Đông Nam,12,False
299,Bán,1750000000,48.68,Quận 2,2,2,Có,Sổ hồng,Đông Nam,12,False
300,Bán rồi,1900000000,45.84,Bình Dương,1,1,Có,Sổ hồng,Tây Bắc,13,True
301,Bán,1596000000,64.52,Quận 5,2,2,Ko,Hợp đồng mua bán,Đông Bắc,16,True
302,Knc,1826000000,49.28,Quận 6,3,2,Full,Sổ hồng,Đông Nam,12,True
303,Knc,2034000000,71.52,Quận 3,2,2,Có,Sổ hồng,Tây Nam,6,True
304,Bán rồi,2400000000,65.4,Quận Phú Nhuận,3,2,Có,Sổ hồng,Đông Nam,11,True
305,Knc,6500000,67.04,Quận Bình Tân,2,2,Ko,Sổ hồng,Tây Bắc,12,False
306,Knc,4516000000,66.68,Quận 8,2,2,Full,Hợp đồng mua bán,Tây Bắc,13,False
307,Knc,2300000000,64.16,Quận 7,3,2,Ko,Khác,Đông Nam,10,True
308,Bán rồi,1800000000,70.88,Quận Phú Nhuận,1,1,Full,Hợp đồng mua bán,Tây Bắc,12,True
309,Bán rồi,1950000000,52.68,Quận 7,2,2,Có,Sổ hồng,Tây Bắc,12,True
310,Bán,1730000000,68.32,Quận 6,2,2,Full,Khác,Đông Nam,10,False
311,Bán,2053000000,43.36,Quận 3,2,2,Full,Hợp đồng mua bán,Đông Nam,11,False
312,Bán rồi,1688000000,67.76,Quận Thủ Đức,2,2,Full,Sổ hồng,Đông Nam,11,False
313,Knc,1700000000,53.24,Quận Tân Bình,2,2,Full,Hợp đồng mua bán,Đông Nam,11,True
314,Knc,6500000,62.44,Quận 10,2,2,Ko,Sổ hồng,Đông Nam,12,False
315,Knc,1850000000,50.2,Quận Thủ Đức,3,2,Có,Sổ hồng,Tây Bắc,10,False
316,Knc,1800000000,72.52,Quận 1,2,2,Có,Sổ hồng,Đông Nam,11,True
317,Knc,2100000000,65.4,Quận 2,2,2,Ko,Sổ hồng,Đông Nam,11,False
318,Knc,1700000000,61.24,Quận 5,2,2,Ko,Sổ hồng,Đông Nam,11,False
319,Bán rồi,2000000000,73.64,Quận 5,2,2,Full,Sổ hồng,Tây Nam,7,False
320,Knc,3100000000,66.28,Quận 10,2,2,Ko,Sổ hồng,Tây Bắc,12,False
321,Knc,2300000000,56.48,Quận 6,2,2,Ko,Sổ hồng,Tây Bắc,13,True
322,Knc,1750000000,42.72,Quận Bình Tân,2,2,Có,Sổ hồng,Đông Nam,13,False
323,Knc,2000000000,41.12,Quận 3,2,2,Ko,Sổ hồng,Đông Nam,12,False
324,Knc,2100000000,46.6,Quận 1,2,2,Có,Sổ hồng,Đông Nam,11,True
325,Knc,2000000000,43.24,Quận Tân Phú,1,1,Ko,Sổ hồng,Tây Bắc,12,True
326,Bán,1920000000,40.84,Quận 6,3,2,Có,Sổ hồng,Tây Bắc,12,True
327,Knc,1950000000,77.56,Quận 4,3,2,Có,Sổ hồng,Đông Nam,12,False
328,Knc,2100000000,49.0,Quận 1,2,2,Ko,Sổ hồng,Đông Nam,12,True
329,Thuê,1700000000,79.52,Quận Thủ Đức,2,2,Ko,Sổ hồng,Đông Nam,11,True
330,Bán rồi,4300000000,75.92,Quận 7,2,2,Ko,Khác,Đông Nam,11,False
331,Knc,1688000000,46.16,Quận 5,1,1,Có,Khác,Tây Bắc,12,True
332,Knc,2600000000,50.76,Quận Bình Thạnh,1,1,Có,Sổ hồng,Tây Bắc,13,True
333,Knc,1800000000,43.8,Quận 4,2,2,Có,Sổ hồng,Tây Nam,11,False
334,Knc,1750000000,59.08,Quận Bình Thạnh,2,2,Có,Sổ hồng,Đông Nam,11,False
335,Bán,1750000000,42.16,Quận 9,2,2,Ko,Sổ hồng,Đông Nam,10,False
336,Knc,2600000000,65.2,Quận 5,2,2,Ko,Sổ hồng,Đông Nam,10,True
337,Bán,1838000000,46.04,Quận 12,2,2,Ko,Sổ hồng,Đông Nam,19,True
338,Knc,8000000,58.36,Quận Thủ Đức,3,2,Ko,Hợp đồng mua bán,Đông Nam,13,True
339,Knc,18260,41.0,Quận Gò Vấp,2,2,Ko,Hợp đồng mua bán,Đông Nam,11,False
340,Knc,1853000000,67.24,Quận Bình Thạnh,1,1,Full,Sổ hồng,Tây Bắc,12,True
341,Knc,1730000000,70.4,Quận Bình Tân,2,2,Có,Sổ hồng,Tây Bắc,12,True
342,Bán rồi,2000000000,77.2,Quận 5,1,1,Ko,Khác,Đông Nam,11,True
343,Knc,2000000000,50.48,Quận 1,2,2,Có,Sổ hồng,Đông Nam,11,False
344,Knc,1750000000,45.2,Quận Tân Bình,3,2,Ko,Sổ hồng,Đông Nam,11,True
345,Bán rồi,8000000,68.36,Quận Thủ Đức,1,1,Full,Sổ hồng,Tây Bắc,12,True
346,Bán rồi,2254000000,41.76,Quận 5,3,2,Ko,Sổ hồng,Tây Nam,10,False
347,Knc,1926000000,62.6,Quận 1,2,2,Có,Sổ hồng,Đông Nam,11,True
348,Knc,1596000000,61.28,Quận 11,2,2,Ko,Khác,Đông Nam,10,False
349,Bán rồi,3100000000,70.72,Quận 2,2,2,Full,Sổ hồng,Đông Nam,11,True
350,Bán rồi,2600000000,53.88,Quận Phú Nhuận,2,2,Full,Sổ hồng,Tây Bắc,12,True
351,Knc,1788000000,77.08,Quận 3,1,1,Full,Khác,Tây Bắc,12,True
352,Knc,2228000000,48.72,Quận 9,2,2,Có,Sổ hồng,Đông Nam,12,True
353,Knc,2100000000,77.48,Quận Gò Vấp,2,2,Có,Sổ hồng,Đông Nam,12,False
354,Knc,1950000000,67.92,Bình Dương,3,2,Full,Sổ hồng,Tây Nam,12,True
355,Knc,2000000000,74.52,Quận Bình Thạnh,2,2,Có,Sổ hồng,Đông Nam,11,False
356,Bán,1550000000,76.72,Quận Bình Thạnh,1,1,Có,Sổ hồng,Đông Bắc,13,False
357,Bán,1800000000,77.24,Quận 8,2,2,Full,Sổ hồng,Tây Bắc,10,True
358,Bán rồi,1853000000,54.2,Quận 12,2,2,Có,Khác,Tây Bắc,12,False
359,Knc,1536000000,73.48,Quận 9,3,2,Full,Hợp đồng mua bán,Đông Nam,11,True
360,Thuê,3905000000,55.48,Quận Gò Vấp,2,2,Full,Sổ hồng,Tây Bắc,13,True
361,Thuê rồi,2053000000,48.96,Quận Thủ Đức,3,2,Có,Sổ hồng,Tây Bắc,13,False
362,Thuê,1900000000,56.24,Quận 8,3,2,Full,Khác,Tây Bắc,12,False
363,Bán rồi,1950000000,45.16,Quận 7,3,2,Full,Hợp đồng mua bán,Tây Bắc,12,True
364,Knc,1950000000,46.76,Quận 4,2,2,Ko,Hợp đồng mua bán,Tây Bắc,12,False
365,Bán rồi,1550000000,72.0,Quận 1,1,1,Ko,Hợp đồng mua bán,Tây Bắc,13,False
366,Bán,2000000000,57.36,Quận Thủ Đức,2,2,Full,Khác,Đông Nam,12,True
367,Bán,1950000000,52.08,Quận Tân Bình,3,2,Có,Khác,Tây Bắc,12,True
368,Knc,1620000000,50.36,Quận 8,1,1,Full,Sổ hồng,Tây Bắc,16,True
369,Knc,4516000000,59.04,Quận 6,1,1,Ko,Hợp đồng mua bán,Tây Bắc,13,True
370,Bán rồi,1850000000,45.4,Bình Dương,1,1,Ko,Sổ hồng,Tây Bắc,13,True
371,Knc,2000000000,78.72,Quận 1,2,2,Ko,Khác,Tây Bắc,12,False
372,Bán,2100000000,47.88,Quận 7,3,2,Full,Hợp đồng mua bán,Đông Nam,7,True
373,Thuê rồi,2000000000,67.16,Quận 3,3,2,Ko,Hợp đồng mua bán,Tây Nam,7,True
374,Knc,1700000000,77.52,Quận 2,2,2,Ko,Sổ hồng,Đông Nam,7,True
375,Bán,1620000000,79.8,Quận 10,2,2,Ko,Sổ hồng,Đông Nam,7,False
376,Thuê rồi,1536000000,43.72,Quận 2,2,2,Full,Khác,Đông Nam,7,False
377,Knc,2100000000,42.76,Quận 3,1,1,Ko,Sổ hồng,Đông Nam,7,False
378,Knc,1800000000,46.04,Quận 7,2,2,Có,Sổ hồng,Đông Nam,7,False
379,Knc,2254000000,51.6,Quận Tân Bình,2,2,Ko,Hợp đồng mua bán,Đông Nam,7,False
380,Bán rồi,2150000000,78.08,Quận 6,3,2,Ko,Hợp đồng mua bán,Đông Nam,7,False
381,Knc,2300000000,50.2,Quận 3,2,2,Full,Hợp đồng mua bán,Đông Nam,7,False
382,Knc,7500000,71.8,Quận 10,2,2,Ko,Hợp đồng mua bán,Đông Bắc,10,False
383,Bán,1800000000,73.88,Quận 4,2,2,Ko,Sổ hồng,Đông Nam,7,False
384,Knc,6500000,61.12,Quận 10,2,2,Full,Sổ hồng,Đông Nam,7,True
385,Bán,1950000000,41.28,Quận Bình Tân,3,2,Có,Sổ hồng,Đông Nam,7,False
386,Knc,2053000000,77.32,Quận 5,2,2,Có,Sổ hồng,Tây Bắc,8,False
387,Knc,1638000000,64.56,Quận 10,3,2,Full,Sổ hồng,Đông Nam,7,True
388,Bán rồi,1788000000,65.0,Quận 1,2,2,Ko,Sổ hồng,Đông Nam,7,False
389,Bán,1903000000,74.28,Quận 4,2,2,Có,Sổ hồng,Đông Nam,7,True
390,Knc,2150000000,70.24,Quận 7,2,2,Full,Hợp đồng mua bán,Đông Nam,7,False
391,Knc,1730000000,63.68,Quận 12,3,2,Full,Khác,Đông Nam,7,True
392,Knc,1730000000,77.0,Quận Bình Tân,2,2,Full,Khác,Đông Nam,7,True
393,Bán,2100000000,65.16,Quận 2,2,2,Full,Sổ hồng,Đông Nam,7,False
394,Thuê rồi,2246000000,49.8,Bình Dương,2,2,Ko,Hợp đồng mua bán,Tây Bắc,8,True
395,Bán rồi,2100000000,53.32,Quận 11,2,2,Có,Sổ hồng,Đông Nam,8,True
396,Knc,2000000000,76.56,Quận 10,2,2,Ko,Sổ hồng,Đông Nam,8,False
397,Knc,2040000000,70.48,Quận Tân Bình,2,2,Full,Sổ hồng,Đông Nam,7,False
398,Bán,2000000000,59.08,Quận Tân Phú,2,2,Có,Khác,Đông Nam,7,False
399,Knc,6500000,46.16,Quận Tân Phú,2,2,Có,Sổ hồng,Tây Bắc,8,True
400,Knc,5500000,57.8,Quận 4,1,1,Có,Sổ hồng,Tây Bắc,8,False
401,Knc,1638000000,68.52,Quận Tân Bình,2,2,Full,Sổ hồng,Tây Bắc,8,False
402,Thuê rồi,12000000,50.96,Quận Gò Vấp,2,2,Ko,Khác,Đông Nam,8,False
403,Thuê,1970000000,72.0,Quận 3,2,2,Có,Hợp đồng mua bán,Đông Nam,8,True
404,Knc,1903000000,54.12,Quận 9,2,2,Có,Hợp đồng mua bán,Đông Nam,8,False
405,Bán rồi,2500000000,68.6,Quận 12,3,2,Có,Hợp đồng mua bán,Đông Nam,7,False
406,Knc,1750000000,70.2,Quận 8,2,2,Có,Hợp đồng mua bán,Đông Bắc,10,True
407,Bán rồi,1930000000,67.16,Bình Dương,2,2,Full,Hợp đồng mua bán,Tây Bắc,8,True
408,Bán,2000000000,53.08,Quận 12,2,2,Ko,Khác,Đông Nam,8,False
409,Knc,6500000,66.96,Quận Tân Bình,2,2,Có,Sổ hồng,Tây Bắc,8,False
410,Knc,2300000000,60.8,Quận 8,2,2,Có,Sổ hồng,Đông Nam,8,True
411,Thuê rồi,1700000000,42.6,Quận 12,3,2,Có,Khác,Đông Nam,8,False
412,Knc,2100000000,63.76,Quận Gò Vấp,3,2,Full,Khác,Tây Bắc,8,False
413,Knc,1900000000,58.72,Quận 11,2,2,Full,Sổ hồng,Đông Nam,8,False
414,Knc,2000000000,74.92,Quận 12,2,2,Ko,Khác,Đông Nam,8,True
415,Knc,1950000000,78.52,Quận 4,2,2,Full,Sổ hồng,Tây Bắc,8,True
416,Bán rồi,2040000000,77.4,Quận 11,2,2,Full,Hợp đồng mua bán,Tây Bắc,8,True
417,Knc,5500000,64.68,Quận 3,2,2,Ko,Sổ hồng,Tây Nam,14,False
418,Knc,1903000000,61.84,Quận 4,2,2,Full,Sổ hồng,Đông Nam,9,True
419,Knc,2000000000,44.32,Quận 9,2,2,Ko,Hợp đồng mua bán,Tây Nam,10,True
420,Knc,5500000,53.52,Quận 4,2,2,Full,Sổ hồng,Đông Nam,9,True
421,Knc,1838000000,42.64,Quận Gò Vấp,2,2,Full,Hợp đồng mua bán,Tây Bắc,8,False
422,Knc,1700000000,73.96,Quận 2,3,2,Full,Khác,Tây Bắc,8,True
423,Thuê rồi,1903000000,43.12,Quận 2,2,2,Có,Hợp đồng mua bán,Đông Nam,8,True
424,Thuê rồi,1620000000,49.44,Quận 9,2,2,Có,Sổ hồng,Đông Nam,9,False
425,Knc,2000000000,75.36,Quận Phú Nhuận,2,2,Full,Sổ hồng,Đông Nam,9,False
426,Knc,1650000000,75.04,Quận 8,2,2,Ko,Hợp đồng mua bán,Tây Bắc,8,True
427,Knc,1900000000,59.6,Quận 3,2,2,Full,Hợp đồng mua bán,Đông Nam,9,True
428,Knc,1900000000,62.6,Quận Phú Nhuận,3,2,Full,Sổ hồng,Đông Nam,15,False
429,Knc,5500000,70.28,Quận Bình Tân,3,2,Ko,Sổ hồng,Đông Nam,9,True
430,Bán rồi,2000000000,55.96,Quận Thủ Đức,2,2,Có,Hợp đồng mua bán,Tây Bắc,8,False
431,Bán,6500000,46.8,Quận 2,3,2,Ko,Hợp đồng mua bán,Đông Nam,8,False
432,Bán rồi,2100000000,60.6,Quận Phú Nhuận,2,2,Có,Sổ hồng,Tây Bắc,8,True
433,Knc,1,57.64,Quận Thủ Đức,2,2,Ko,Hợp đồng mua bán,Đông Bắc,6,False
434,Knc,2100000000,66.52,Quận 1,1,1,Có,Hợp đồng mua bán,Đông Nam,9,True
435,Bán rồi,2300000000,50.12,Bình Dương,2,2,Ko,Hợp đồng mua bán,Tây Bắc,9,False
436,Knc,2000000000,64.44,Quận 11,2,2,Ko,Hợp đồng mua bán,Đông Nam,9,False
437,Knc,18260,78.64,Quận Bình Thạnh,1,1,Có,Sổ hồng,Đông Nam,9,False
438,Bán rồi,1850000000,74.28,Quận 6,2,2,Có,Sổ hồng,Đông Nam,9,False
439,Knc,6000000,78.76,Quận 8,2,2,Có,Sổ hồng,Tây Bắc,10,True
440,Knc,1750000000,66.56,Quận 11,3,2,Ko,Sổ hồng,Tây Nam,17,False
441,Bán,1900000000,76.28,Quận 11,3,2,Ko,Sổ hồng,Đông Nam,9,False
442,Knc,1900000000,51.56,Quận 8,2,2,Ko,Khác,Đông Nam,9,False
443,Thuê rồi,1900000000,52.88,Quận 7,2,2,Có,Sổ hồng,Đông Nam,9,True
444,Knc,1930000000,72.2,Quận 9,2,2,Ko,Khác,Tây Bắc,10,True
445,Knc,1726000000,76.88,Quận Phú Nhuận,3,2,Có,Khác,Đông Bắc,8,False
446,Knc,1950000000,65.68,Bình Dương,2,2,Có,Khác,Đông Nam,10,True
447,Knc,2100000000,47.8,Quận 5,2,2,Full,Sổ hồng,Đông Nam,9,True
448,Bán,2254000000,72.28,Quận 10,2,2,Full,Sổ hồng,Đông Nam,9,True
449,Knc,1850000000,61.12,Quận Tân Phú,2,2,Có,Sổ hồng,Tây Nam,13,True
450,Thuê rồi,1900000000,62.24,Quận 2,2,2,Có,Khác,Đông Nam,9,True
451,Knc,2034000000,47.68,Quận Phú Nhuận,2,2,Ko,Sổ hồng,Đông Nam,9,False
452,Knc,6000000,67.32,Quận 9,2,2,Ko,Sổ hồng,Đông Nam,9,False
453,Knc,7000000,67.4,Quận 1,3,2,Ko,Sổ hồng,Đông Nam,9,True
454,Knc,1903000000,65.28,Quận 8,2,2,Full,Hợp đồng mua bán,Đông Nam,9,False
455,Knc,2600000000,62.88,Quận Bình Tân,3,2,Có,Sổ hồng,Đông Nam,9,False
456,Knc,1800000000,73.32,Quận Gò Vấp,2,2,Full,Hợp đồng mua bán,Tây Bắc,18,False
457,Bán,1700000000,52.68,Quận 9,2,2,Full,Sổ hồng,Tây Bắc,10,True
458,Bán rồi,1799000000,62.24,Quận 5,2,2,Ko,Sổ hồng,Đông Nam,9,True
459,Knc,1903000000,42.52,Quận 12,2,2,Ko,Sổ hồng,Tây Bắc,10,False
460,Thuê,1700000000,66.08,Quận 10,1,1,Full,Khác,Tây Bắc,10,False
461,Bán,1730000000,70.04,Quận Bình Tân,2,2,Ko,Khác,Tây Bắc,10,False
462,Knc,2559000000,57.16,Quận Thủ Đức,2,2,Ko,Sổ hồng,Đông Nam,9,True
463,Knc,2100000000,78.44,Quận 12,2,2,Có,Sổ hồng,Tây Bắc,10,False
464,Knc,2000000000,43.56,Quận 4,2,2,Có,Sổ hồng,Tây Bắc,6,False
465,Knc,5500000,56.36,Quận 3,2,2,Ko,Sổ hồng,Tây Bắc,10,False
466,Knc,1800000000,49.04,Quận 7,2,2,Ko,Hợp đồng mua bán,Đông Nam,9,True
467,Bán rồi,1750000000,65.68,Quận 9,3,2,Ko,Sổ hồng,Tây Bắc,10,True
468,Knc,1506000000,61.32,Quận Thủ Đức,2,2,Full,Sổ hồng,Đông Nam,9,True
469,Bán rồi,1600000000,54.4,Quận 7,2,2,Ko,Sổ hồng,Tây Bắc,10,False
470,Knc,1950000000,64.12,Quận 12,2,2,Full,Sổ hồng,Tây Bắc,10,True
471,Bán,1730000000,48.8,Quận 7,3,2,Full,Sổ hồng,Đông Nam,10,False
472,Knc,2000000000,76.64,Quận Thủ Đức,2,2,Full,Sổ hồng,Đông Nam,18,False
473,Knc,2228000000,65.6,Quận Thủ Đức,3,2,Full,Khác,Đông Nam,18,True
474,Knc,18260,73.08,Quận Tân Bình,2,2,Có,Sổ hồng,Đông Bắc,19,True
475,Knc,1,47.44,Quận 6,2,2,Có,Khác,Tây Bắc,19,False
476,Bán,1730000000,70.52,Quận 6,2,2,Có,Sổ hồng,Đông Bắc,19,False
477,Knc,1730000000,48.2,Quận Thủ Đức,2,2,Full,Sổ hồng,Tây Nam,19,True
478,Bán rồi,1750000000,70.84,Quận 12,2,2,Có,Sổ hồng,Đông Nam,19,True
479,Bán,2000000000,50.28,Bình Dương,2,2,Full,Sổ hồng,Đông Nam,4,True
480,Knc,5000000000,45.84,Quận 8,2,2,Full,Sổ hồng,Đông Nam,18,True
481,Knc,1750000000,65.08,Quận Thủ Đức,3,2,Full,Sổ hồng,Đông Bắc,19,False
482,Bán rồi,1506000000,67.76,Quận 2,3,2,Ko,Hợp đồng mua bán,Đông Nam,9,True
483,Knc,1726000000,48.24,Quận Bình Tân,2,2,Full,Hợp đồng mua bán,Tây Nam,19,True
484,Knc,12000000,50.44,Quận Tân Phú,2,2,Full,Sổ hồng,Tây Nam,19,True
485,Knc,2000000000,67.2,Quận 10,2,2,Ko,Khác,Tây Bắc,19,False
486,Bán,3059000000,78.08,Quận 10,3,2,Full,Hợp đồng mua bán,Đông Nam,19,False
487,Knc,1596000000,40.08,Quận 8,2,2,Ko,Sổ hồng,Đông Nam,19,False
488,Knc,1700000000,68.24,Quận 4,3,2,Ko,Hợp đồng mua bán,Đông Nam,19,False
489,Thuê rồi,2100000000,79.4,Quận Bình Tân,2,2,Ko,Khác,Tây Nam,19,False
490,Knc,1947500000,76.48,Quận Thủ Đức,2,2,Có,Sổ hồng,Tây Nam,19,False
491,Knc,2500000000,72.92,Quận Phú Nhuận,2,2,Ko,Sổ hồng,Tây Nam,19,False
492,Bán rồi,3059000000,77.96,Quận 11,2,2,Ko,Sổ hồng,Đông Bắc,19,True
493,Bán rồi,1846000000,45.0,Bình Dương,3,2,Có,Sổ hồng,Tây Nam,19,True
494,Bán rồi,1826000000,52.28,Quận 3,2,2,Có,Sổ hồng,Tây Bắc,19,False
495,Bán rồi,1550000000,53.92,Quận Bình Thạnh,2,2,Có,Sổ hồng,Tây Nam,19,False
496,Knc,2000000000,47.92,Quận 9,3,2,Full,Hợp đồng mua bán,Đông Bắc,19,True
497,Knc,1800000000,78.0,Quận Gò Vấp,2,2,Full,Khác,Đông Nam,4,True
498,Bán,2100000000,50.84,Quận 4,2,2,Ko,Sổ hồng,Tây Nam,19,True
499,Knc,2100000000,71.28,Quận 4,2,2,Ko,Khác,Đông Nam,4,True
500,Knc,2150000000,53.28,Quận 11,2,2,Full,Sổ hồng,Đông Nam,5,True
501,Bán rồi,2100000000,75.6,Quận Bình Tân,2,2,Có,Hợp đồng mua bán,Tây Nam,7,False
502,Knc,5500000,79.92,Quận 8,2,2,Full,Hợp đồng mua bán,Đông Nam,4,True
503,Thuê,1950000000,55.48,Quận 1,2,2,Ko,Sổ hồng,Đông Nam,4,False
504,Knc,1700000000,79.52,Quận 8,2,2,Full,Hợp đồng mua bán,Đông Nam,4,False
505,Bán rồi,1850000000,76.8,Quận 3,3,2,Full,Khác,Tây Bắc,19,False
506,Knc,7000000,59.52,Quận 12,3,2,Ko,Khác,Đông Nam,5,False
507,Knc,1550000000,59.8,Quận Bình Thạnh,2,2,Ko,Hợp đồng mua bán,Đông Nam,5,True
508,Thuê,1903000000,71.48,Quận 10,2,2,Có,Khác,Đông Nam,5,True
509,Bán rồi,1550000000,56.32,Quận 7,2,2,Có,Sổ hồng,Đông Nam,5,True
510,Thuê rồi,2000000000,42.28,Quận Bình Thạnh,2,2,Có,Sổ hồng,Đông Nam,5,False
511,Knc,1846000000,66.12,Quận Bình Thạnh,2,2,Full,Sổ hồng,Đông Nam,5,False
512,Knc,2100000000,62.96,Quận Bình Thạnh,2,2,Full,Hợp đồng mua bán,Đông Nam,4,True
513,Knc,2158000000,67.44,Quận Gò Vấp,2,2,Có,Hợp đồng mua bán,Đông Nam,5,False
514,Knc,7500000,60.52,Quận 12,2,2,Có,Sổ hồng,Đông Nam,4,False
515,Knc,7000000,47.32,Quận Bình Tân,2,2,Full,Sổ hồng,Đông Nam,4,False
516,Thuê rồi,2000000000,67.36,Quận Bình Thạnh,3,2,Có,Sổ hồng,Đông Nam,4,True
517,Bán rồi,2000000000,42.76,Quận 3,2,2,Có,Khác,Đông Nam,5,False
518,Knc,2300000000,53.32,Quận Bình Tân,3,2,Có,Sổ hồng,Tây Bắc,6,False
519,Bán rồi,2100000000,41.04,Quận 6,3,2,Ko,Sổ hồng,Đông Nam,4,False
520,Knc,1903000000,57.24,Quận 5,3,2,Có,Sổ hồng,Đông Nam,5,False
521,Knc,1850000000,42.4,Quận Thủ Đức,2,2,Ko,Sổ hồng,Đông Nam,5,False
522,Thuê,2600000000,56.88,Quận 2,3,2,Có,Hợp đồng mua bán,Đông Nam,5,True
523,Knc,1700000000,70.96,Quận 9,2,2,Ko,Sổ hồng,Đông Nam,5,True
524,Thuê,1800000000,55.4,Quận Bình Tân,2,2,Ko,Sổ hồng,Đông Nam,5,False
525,Thuê,2100000000,52.04,Quận Thủ Đức,3,2,Full,Khác,Đông Nam,5,False
526,Knc,2000000000,65.28,Quận 12,1,1,Có,Sổ hồng,Đông Nam,5,True
527,Knc,1826000000,55.6,Quận Tân Bình,2,2,Full,Sổ hồng,Tây Bắc,10,False
528,Knc,1596000000,55.32,Quận 9,2,2,Full,Sổ hồng,Đông Nam,5,False
529,Knc,1596000000,50.52,Quận 7,3,2,Full,Hợp đồng mua bán,Đông Nam,5,True
530,Bán rồi,2550000000,56.28,Quận Tân Phú,2,2,Có,Khác,Tây Bắc,6,True
531,Knc,1800000000,47.96,Quận 4,2,2,Ko,Sổ hồng,Đông Nam,5,True
532,Bán,2000000000,53.08,Quận 6,3,2,Ko,Hợp đồng mua bán,Đông Nam,5,True
533,Knc,1,40.48,Quận 12,2,2,Có,Sổ hồng,Tây Bắc,6,True
534,Knc,1750000000,61.12,Quận 6,2,2,Ko,Sổ hồng,Tây Bắc,6,False
535,Knc,1776000000,45.84,Quận 1,2,2,Ko,Hợp đồng mua bán,Tây Bắc,6,False
536,Bán,1700000000,52.32,Quận 12,2,2,Full,Sổ hồng,Đông Nam,5,False
537,Knc,8000000,79.52,Quận Gò Vấp,3,2,Full,Sổ hồng,Đông Nam,11,False
538,Knc,1950000000,54.52,Quận 6,2,2,Có,Hợp đồng mua bán,Đông Nam,5,True
539,Knc,2000000000,66.6,Quận 11,2,2,Có,Sổ hồng,Tây Nam,5,False
540,Bán,1550000000,57.08,Quận Tân Bình,2,2,Ko,Khác,Đông Nam,5,True
541,Knc,7000000,48.12,Quận 8,3,2,Có,Sổ hồng,Tây Bắc,6,True
542,Knc,1903000000,54.88,Quận 1,2,2,Có,Sổ hồng,Tây Bắc,6,False
543,Bán rồi,2000000000,67.88,Quận 9,2,2,Full,Sổ hồng,Đông Nam,5,False
544,Knc,1920000000,61.08,Quận 10,3,2,Ko,Sổ hồng,Đông Nam,6,True
545,Bán rồi,1900000000,77.12,Quận 7,2,2,Ko,Hợp đồng mua bán,Đông Nam,6,False
546,Thuê,2100000000,66.36,Quận 7,2,2,Full,Sổ hồng,Tây Bắc,18,False
547,Thuê rồi,2000000000,65.68,Quận 8,2,2,Có,Khác,Tây Bắc,6,False
548,Bán,1550000000,50.56,Quận Gò Vấp,3,2,Có,Hợp đồng mua bán,Đông Nam,6,False
549,Knc,2400000000,45.16,Quận 6,2,2,Ko,Sổ hồng,Đông Nam,6,False
550,Bán rồi,1776000000,60.44,Quận 10,2,2,Ko,Hợp đồng mua bán,Đông Nam,6,False
551,Knc,2300000000,74.88,Quận 3,2,2,Ko,Sổ hồng,Đông Nam,6,True
552,Knc,1700000000,60.56,Quận 1,2,2,Ko,Hợp đồng mua bán,Đông Nam,6,False
553,Knc,2100000000,59.6,Quận 12,2,2,Full,Sổ hồng,Tây Bắc,6,True
554,Knc,2500000000,49.6,Quận 9,3,2,Có,Hợp đồng mua bán,Đông Nam,6,False
555,Thuê rồi,1800000000,77.08,Quận 3,2,2,Full,Sổ hồng,Đông Nam,7,True
556,Bán,1903000000,46.92,Quận Gò Vấp,2,2,Có,Sổ hồng,Tây Bắc,6,False
557,Knc,1600000000,55.16,Quận 10,2,2,Có,Sổ hồng,Đông Nam,6,True
558,Knc,1900000000,52.6,Quận Phú Nhuận,1,1,Ko,Sổ hồng,Tây Bắc,6,False
559,Thuê rồi,1850000000,74.84,Quận 10,2,2,Full,Hợp đồng mua bán,Tây Bắc,6,True
560,Knc,1900000000,66.12,Quận 8,2,2,Có,Hợp đồng mua bán,Đông Nam,6,True
561,Bán,1726000000,67.84,Quận 1,3,2,Có,Hợp đồng mua bán,Tây Bắc,6,True
562,Bán,1630000000,40.32,Quận 12,2,2,Có,Hợp đồng mua bán,Đông Nam,6,True
563,Bán,1800000000,42.2,Quận Thủ Đức,2,2,Full,Sổ hồng,Đông Nam,7,True
564,Thuê,2228000000,54.24,Quận Tân Phú,3,2,Full,Sổ hồng,Đông Nam,12,True
565,Knc,1596000000,75.52,Quận Thủ Đức,3,2,Full,Hợp đồng mua bán,Tây Bắc,6,False
566,Knc,1926000000,75.76,Quận Phú Nhuận,2,2,Full,Sổ hồng,Đông Nam,7,False
567,Bán,1700000000,42.76,Quận Phú Nhuận,2,2,Full,Sổ hồng,Đông Bắc,16,False
568,Knc,1650000000,48.88,Quận 3,2,2,Full,Sổ hồng,Đông Nam,6,True
569,Bán,2000000000,72.96,Quận 3,3,2,Có,Hợp đồng mua bán,Đông Nam,6,False
570,Thuê,1826000000,71.44,Quận Gò Vấp,2,2,Full,Hợp đồng mua bán,Đông Nam,6,False
571,Knc,2244000000,65.6,Bình Dương,2,2,Có,Hợp đồng mua bán,Đông Nam,7,True
572,Bán,3059000000,48.44,Quận Gò Vấp,3,2,Có,Hợp đồng mua bán,Tây Nam,14,True
573,Bán rồi,2007000000,54.36,Quận Bình Thạnh,2,2,Full,Sổ hồng,Tây Bắc,14,True
574,Knc,2150000000,44.6,Quận 1,3,2,Full,Khác,Tây Nam,16,False
575,Knc,2150000000,49.28,Quận 9,2,2,Full,Sổ hồng,Tây Bắc,14,True
576,Bán rồi,55,67.04,Quận 10,2,2,Có,Sổ hồng,Đông Nam,14,True
577,Knc,1850000000,64.92,Quận Phú Nhuận,3,2,Full,Sổ hồng,Đông Bắc,15,True
578,Knc,1950000000,50.2,Quận 2,1,1,Ko,Hợp đồng mua bán,Tây Nam,15,True
579,Bán,1650000000,65.36,Quận 7,3,2,Có,Sổ hồng,Đông Nam,15,False
580,Bán,1948000000,41.0,Quận Thủ Đức,2,2,Có,Khác,Đông Bắc,16,True
581,Bán rồi,1850000000,54.56,Quận Bình Tân,2,2,Ko,Hợp đồng mua bán,Tây Bắc,14,False
582,Bán,2000000000,53.88,Quận Tân Bình,2,2,Ko,Hợp đồng mua bán,Tây Nam,15,True
583,Knc,1776000000,56.36,Quận 4,2,2,Có,Sổ hồng,Đông Nam,14,True
584,Bán rồi,2000000000,54.68,Quận Phú Nhuận,2,2,Ko,Sổ hồng,Tây Bắc,6,False
585,Bán rồi,1948000000,74.12,Quận 5,3,2,Full,Khác,Đông Nam,14,False
586,Knc,1903000000,74.04,Quận Bình Thạnh,2,2,Có,Sổ hồng,Tây Nam,15,False
587,Bán rồi,4300000000,76.4,Quận 1,2,2,Ko,Khác,Tây Nam,16,False
588,Knc,2600000000,63.04,Quận 8,2,2,Full,Khác,Tây Bắc,14,True
589,Bán rồi,18260,71.72,Quận Tân Phú,3,2,Full,Sổ hồng,Đông Nam,14,False
590,Bán rồi,1800000000,75.64,Quận Gò Vấp,2,2,Ko,Sổ hồng,Tây Bắc,15,False
591,Bán rồi,7500000,57.32,Quận Bình Tân,2,2,Có,Sổ hồng,Tây Bắc,16,False
592,Bán rồi,3100000000,77.4,Quận 3,3,2,Ko,Sổ hồng,Đông Nam,16,False
593,Thuê rồi,2040000000,65.16,Quận Thủ Đức,2,2,Ko,Khác,Đông Bắc,15,True
594,Knc,3100000000,60.92,Quận 1,2,2,Có,Hợp đồng mua bán,Đông Nam,14,True
595,Knc,1596000000,43.8,Quận 6,2,2,Full,Hợp đồng mua bán,Đông Nam,15,True
596,Knc,1686000000,50.4,Quận 2,1,1,Full,Sổ hồng,Tây Nam,15,True
597,Bán,6000000,61.8,Quận 7,2,2,Ko,Hợp đồng mua bán,Đông Bắc,16,True
598,Knc,2000000000,63.36,Quận 6,3,2,Full,Sổ hồng,Tây Nam,15,True
599,Knc,5918000000,52.24,Bình Dương,2,2,Ko,Khác,Đông Bắc,17,True
600,Bán rồi,1770000000,40.28,Quận 8,2,2,Ko,Sổ hồng,Tây Nam,15,False
601,Knc,1700000000,61.48,Quận 8,2,2,Có,Sổ hồng,Tây Bắc,15,False
602,Bán,1900000000,65.68,Quận 9,2,2,Full,Sổ hồng,Đông Nam,15,True
603,Knc,2053000000,75.12,Quận 5,2,2,Có,Khác,Tây Nam,16,True
604,Knc,3059000000,62.44,Quận Thủ Đức,2,2,Full,Sổ hồng,Tây Bắc,15,False
605,Knc,1520000000,66.44,Bình Dương,3,2,Ko,Khác,Tây Bắc,15,False
606,Knc,1950000000,50.08,Quận 1,1,1,Có,Sổ hồng,Tây Nam,16,False
607,Knc,1686000000,61.76,Quận 7,1,1,Ko,Khác,Tây Nam,15,False
608,Bán,1838000000,72.48,Quận 3,2,2,Có,Hợp đồng mua bán,Tây Nam,15,True
609,Knc,4516000000,41.24,Quận 5,2,2,Ko,Khác,Đông Bắc,6,False
610,Bán,2040000000,66.4,Quận 11,3,2,Có,Sổ hồng,Đông Bắc,16,True
611,Thuê rồi,2550000000,45.56,Quận Thủ Đức,2,2,Ko,Sổ hồng,Tây Nam,17,False
612,Thuê rồi,2000000000,75.72,Quận 4,2,2,Có,Hợp đồng mua bán,Tây Nam,15,True
613,Knc,1980000000,72.52,Quận 3,2,2,Có,Khác,Đông Bắc,16,True
614,Thuê,55,77.72,Quận 3,3,2,Full,Hợp đồng mua bán,Tây Bắc,14,False
615,Knc,2056000000,44.4,Quận Bình Thạnh,3,2,Ko,Hợp đồng mua bán,Đông Nam,17,True
616,Knc,1826000000,79.68,Quận 11,2,2,Có,Sổ hồng,Đông Bắc,18,True
617,Knc,6500000,69.52,Quận 9,3,2,Có,Hợp đồng mua bán,Đông Bắc,18,True
618,Knc,1730000000,41.16,Quận 2,2,2,Có,Sổ hồng,Đông Nam,17,False
619,Thuê rồi,1,56.24,Quận 5,2,2,Ko,Hợp đồng mua bán,Tây Nam,17,False
620,Thuê rồi,5918000000,71.44,Quận Tân Bình,3,2,Full,Sổ hồng,Tây Nam,16,False
621,Bán rồi,1926000000,76.64,Quận Thủ Đức,2,2,Có,Sổ hồng,Đông Bắc,16,False
622,Bán rồi,1630000000,56.56,Quận Bình Tân,3,2,Có,Khác,Đông Nam,16,True
623,Bán rồi,2100000000,74.6,Quận 6,2,2,Ko,Hợp đồng mua bán,Tây Nam,18,False
624,Bán,1638000000,59.76,Quận 11,3,2,Có,Sổ hồng,Tây Bắc,16,True
625,Knc,1788000000,61.76,Quận 6,2,2,Ko,Khác,Tây Bắc,17,False
626,Knc,1950000000,67.28,Quận 8,2,2,Ko,Sổ hồng,Đông Bắc,18,False
627,Knc,1838000000,51.32,Quận 10,3,2,Có,Sổ hồng,Tây Bắc,18,True
628,Knc,1950000000,51.96,Quận Tân Phú,2,2,Ko,Sổ hồng,Tây Bắc,16,False
629,Bán rồi,1853000000,41.92,Quận Tân Phú,3,2,Ko,Hợp đồng mua bán,Tây Bắc,17,True
630,Bán rồi,1920000000,75.68,Quận 5,2,2,Ko,Hợp đồng mua bán,Tây Bắc,17,False
631,Bán,1850000000,46.84,Quận 12,2,2,Ko,Sổ hồng,Tây Bắc,18,True
632,Knc,1750000000,78.12,Quận 1,2,2,Có,Sổ hồng,Tây Bắc,16,False
633,Bán rồi,1506000000,74.56,Quận 12,2,2,Ko,Khác,Tây Bắc,17,True
634,Knc,2228000000,58.44,Quận 11,2,2,Ko,Sổ hồng,Tây Nam,19,False
635,Bán,1853000000,79.28,Quận 6,2,2,Có,Sổ hồng,Tây Nam,17,False
636,Knc,1900000000,66.96,Quận 8,2,2,Full,Hợp đồng mua bán,Tây Bắc,17,True
637,Knc,2559000000,61.52,Quận Tân Phú,2,2,Ko,Sổ hồng,Tây Bắc,16,True
638,Knc,1800000000,48.36,Quận 5,2,2,Full,Sổ hồng,Tây Bắc,16,True
639,Knc,1900000000,61.2,Quận Phú Nhuận,2,2,Có,Sổ hồng,Đông Nam,17,True
640,Bán,1930000000,42.12,Quận 12,2,2,Có,Sổ hồng,Tây Nam,16,False
641,Knc,2100000000,72.2,Quận Phú Nhuận,3,2,Ko,Sổ hồng,Đông Bắc,17,True
642,Knc,1750000000,75.12,Quận 4,2,2,Ko,Khác,Tây Nam,18,False
643,Bán,1826000000,43.84,Quận 10,2,2,Có,Sổ hồng,Đông Bắc,18,True
644,Bán,1950000000,41.68,Quận Thủ Đức,2,2,Có,Khác,Tây Nam,18,True
645,Bán rồi,1800000000,46.04,Quận 12,2,2,Có,Sổ hồng,Đông Nam,16,True
646,Thuê rồi,1900000000,45.92,Quận Gò Vấp,3,2,Ko,Sổ hồng,Tây Nam,18,False
647,Knc,2100000000,71.6,Quận 1,2,2,Ko,Sổ hồng,Tây Nam,11,True
648,Knc,4300000000,74.88,Bình Dương,2,2,Ko,Sổ hồng,Tây Nam,16,True
649,Knc,7500000,63.52,Quận 11,2,2,Ko,Sổ hồng,Đông Bắc,17,True
650,Bán,2000000000,49.88,Quận 5,2,2,Full,Hợp đồng mua bán,Tây Nam,16,True
651,Bán,1803000000,59.04,Quận 6,2,2,Có,Hợp đồng mua bán,Đông Bắc,16,True
652,Bán,1750000000,71.92,Bình Dương,2,2,Full,Sổ hồng,Tây Bắc,17,True
653,Knc,1520000000,79.36,Quận 12,2,2,Ko,Hợp đồng mua bán,Tây Nam,17,False
654,Bán,1696,75.08,Quận 3,2,2,Có,Sổ hồng,Tây Nam,16,True
655,Knc,2100000000,78.44,Quận 3,2,2,Full,Sổ hồng,Đông Nam,17,True
656,Knc,1826000000,47.52,Quận 6,2,2,Full,Sổ hồng,Đông Bắc,18,True
657,Bán,3500000000,54.12,Quận Tân Bình,2,2,Ko,Sổ hồng,Tây Nam,14,False
658,Bán rồi,12000000,56.52,Quận 4,2,2,Có,Hợp đồng mua bán,Tây Nam,18,False
659,Bán rồi,2000000000,79.44,Quận 9,2,2,Ko,Khác,Tây Bắc,17,False
660,Knc,1926000000,65.8,Quận 3,2,2,Có,Khác,Tây Nam,16,False
661,Knc,5500000,57.64,Quận 8,2,2,Full,Sổ hồng,Đông Nam,16,True
662,Knc,2300000000,47.76,Quận Gò Vấp,2,2,Full,Khác,Tây Bắc,18,False
663,Bán,2000000000,63.64,Quận 8,3,2,Ko,Sổ hồng,Tây Nam,17,True
664,Thuê,1900000000,60.96,Quận Thủ Đức,3,2,Full,Hợp đồng mua bán,Tây Nam,18,False
665,Bán rồi,2100000000,74.12,Quận 11,2,2,Full,Khác,Tây Nam,18,False
666,Knc,2300000000,69.64,Quận 10,2,2,Full,Sổ hồng,Tây Nam,18,False
667,Knc,2070000000,40.8,Quận 2,2,2,Ko,Hợp đồng mua bán,Đông Nam,7,True
668,Knc,1900000000,52.24,Quận 10,2,2,Full,Sổ hồng,Tây Nam,18,True
669,Knc,1948000000,51.0,Quận 11,3,2,Full,Sổ hồng,Đông Bắc,18,False
670,Knc,1630000000,79.92,Quận 8,2,2,Ko,Sổ hồng,Tây Nam,17,False
671,Knc,1730000000,77.92,Quận 1,2,2,Full,Sổ hồng,Tây Nam,18,True
672,Knc,1730000000,76.08,Quận 9,1,1,Có,Sổ hồng,Tây Nam,10,True
673,Knc,1903000000,58.92,Bình Dương,2,2,Ko,Hợp đồng mua bán,Tây Nam,10,False
674,Knc,1903000000,51.92,Quận 1,2,2,Full,Hợp đồng mua bán,Tây Nam,10,True
675,Bán,1950000000,41.92,Quận Gò Vấp,2,2,Có,Sổ hồng,Tây Nam,10,False
676,Bán rồi,1800000000,43.84,Quận Tân Bình,2,2,Ko,Sổ hồng,Tây Bắc,18,False
677,Bán,2244000000,78.48,Quận 8,3,2,Có,Hợp đồng mua bán,Tây Nam,10,False
678,Bán rồi,2300000000,78.2,Bình Dương,2,2,Full,Hợp đồng mua bán,Đông Bắc,11,False
679,Bán,2464000000,46.24,Bình Dương,3,2,Có,Sổ hồng,Đông Nam,14,True
680,Knc,1850000000,60.96,Quận 9,2,2,Full,Hợp đồng mua bán,Tây Bắc,8,False
681,Knc,2559000000,44.4,Quận Thủ Đức,2,2,Có,Sổ hồng,Đông Bắc,5,True
682,Knc,2000000000,76.32,Quận Gò Vấp,2,2,Ko,Khác,Đông Bắc,10,True
683,Knc,1826000000,47.48,Quận 10,3,2,Ko,Sổ hồng,Đông Bắc,10,True
684,Knc,2034000000,47.88,Quận Tân Phú,1,1,Full,Hợp đồng mua bán,Tây Nam,11,False
685,Bán,1780000000,64.72,Bình Dương,2,2,Có,Hợp đồng mua bán,Đông Bắc,10,True
686,Knc,2056000000,66.92,Quận 10,2,2,Có,Hợp đồng mua bán,Đông Bắc,10,True
687,Thuê,2500000000,43.48,Quận Bình Tân,3,2,Ko,Sổ hồng,Đông Nam,10,True
688,Bán,2000000000,78.12,Quận 1,2,2,Full,Khác,Tây Bắc,10,True
689,Knc,1838000000,78.12,Quận Tân Phú,2,2,Có,Khác,Tây Bắc,9,True
690,Knc,1900000000,68.52,Quận Tân Phú,2,2,Full,Sổ hồng,Đông Bắc,11,False
691,Knc,1930000000,61.48,Quận 3,2,2,Ko,Sổ hồng,Đông Bắc,11,True
692,Thuê,6500000,77.8,Bình Dương,2,2,Ko,Hợp đồng mua bán,Tây Bắc,11,True
693,Knc,18260,58.8,Quận 11,2,2,Có,Hợp đồng mua bán,Tây Nam,10,True
694,Knc,12000000,76.16,Quận Gò Vấp,3,2,Ko,Sổ hồng,Đông Bắc,10,False
695,Bán rồi,1903000000,77.48,Quận Bình Tân,3,2,Full,Hợp đồng mua bán,Đông Bắc,11,True
696,Thuê rồi,2000000000,75.8,Quận Tân Bình,2,2,Full,Hợp đồng mua bán,Tây Bắc,9,False
697,Bán rồi,1688000000,67.8,Bình Dương,2,2,Có,Hợp đồng mua bán,Tây Nam,12,True
698,Knc,2100000000,57.0,Quận Tân Bình,2,2,Có,Hợp đồng mua bán,Tây Nam,11,False
699,Knc,1750000000,77.76,Quận Tân Bình,2,2,Có,Hợp đồng mua bán,Đông Nam,11,False
700,Bán rồi,1850000000,40.6,Quận Bình Thạnh,2,2,Ko,Hợp đồng mua bán,Tây Bắc,9,True
701,Knc,2100000000,67.8,Quận Gò Vấp,2,2,Full,Sổ hồng,Tây Bắc,10,True
702,Bán rồi,1776000000,71.08,Quận 11,3,2,Full,Sổ hồng,Tây Bắc,12,False
703,Knc,1850000000,77.4,Quận 8,2,2,Full,Sổ hồng,Tây Nam,10,True
704,Bán,2200000000,72.64,Bình Dương,2,2,Ko,Hợp đồng mua bán,Tây Bắc,10,True
705,Knc,2053000000,72.28,Quận 5,2,2,Full,Sổ hồng,Tây Nam,10,True
706,Knc,1638000000,67.4,Quận 5,3,2,Ko,Hợp đồng mua bán,Tây Nam,12,False
707,Knc,1620000000,68.32,Quận Phú Nhuận,2,2,Ko,Khác,Tây Bắc,10,True
708,Bán,1900000000,74.28,Quận 6,2,2,Ko,Khác,Tây Nam,10,True
709,Knc,8000000,46.28,Quận 2,2,2,Ko,Hợp đồng mua bán,Đông Bắc,12,True
710,Bán,1920000000,72.68,Quận Tân Phú,3,2,Có,Sổ hồng,Đông Bắc,13,True
711,Bán,1800000000,67.16,Quận 11,3,2,Có,Hợp đồng mua bán,Tây Bắc,12,True
712,Bán rồi,1770000000,61.76,Quận 3,2,2,Ko,Hợp đồng mua bán,Tây Bắc,11,True
713,Knc,2000000000,65.0,Quận Tân Bình,2,2,Ko,Hợp đồng mua bán,Tây Bắc,5,False
714,Knc,7500000,44.2,Quận 4,3,2,Có,Sổ hồng,Đông Bắc,11,True
715,Knc,1750000000,79.56,Quận Bình Thạnh,2,2,Ko,Hợp đồng mua bán,Đông Bắc,14,True
716,Knc,6000000,78.84,Quận Bình Tân,2,2,Full,Khác,Đông Nam,10,False
717,Bán rồi,4516000000,49.48,Quận 1,2,2,Ko,Hợp đồng mua bán,Tây Bắc,12,True
718,Thuê rồi,2500000000,42.0,Quận 9,2,2,Có,Sổ hồng,Tây Nam,11,True
719,Knc,2000000000,59.36,Quận 6,2,2,Full,Sổ hồng,Đông Nam,12,True
720,Knc,2070000000,57.24,Quận 4,2,2,Ko,Hợp đồng mua bán,Tây Nam,13,False
721,Knc,2100000000,54.44,Quận 3,2,2,Full,Sổ hồng,Đông Bắc,12,False
722,Bán,1900000000,60.16,Quận 12,3,2,Full,Sổ hồng,Tây Nam,11,True
723,Thuê,2000000000,64.72,Quận 4,2,2,Có,Sổ hồng,Tây Nam,11,False
724,Knc,1803000000,60.8,Quận 11,1,1,Ko,Hợp đồng mua bán,Tây Nam,12,True
725,Knc,7000000,57.28,Quận 1,2,2,Full,Sổ hồng,Đông Bắc,4,False
726,Bán,2300000000,54.0,Bình Dương,3,2,Full,Sổ hồng,Đông Bắc,13,True
727,Knc,1520000000,79.12,Quận 8,2,2,Ko,Khác,Đông Nam,9,False
728,Thuê rồi,3905000000,71.04,Quận 2,2,2,Ko,Sổ hồng,Tây Nam,14,True
729,Thuê rồi,1800000000,76.16,Quận 11,2,2,Ko,Hợp đồng mua bán,Đông Bắc,14,True
730,Bán rồi,2046000000,50.84,Quận 9,2,2,Full,Sổ hồng,Tây Nam,12,True
731,Bán,6500000,51.36,Quận 3,2,2,Có,Hợp đồng mua bán,Đông Nam,12,True
732,Knc,1950000000,57.28,Quận 3,3,2,Ko,Sổ hồng,Đông Nam,12,True
733,Knc,2600000000,54.56,Quận Tân Bình,2,2,Full,Sổ hồng,Tây Bắc,12,True
734,Bán,2000000000,54.6,Quận 7,2,2,Ko,Sổ hồng,Tây Nam,12,False
735,Knc,2046000000,58.12,Quận 1,1,1,Full,Sổ hồng,Tây Bắc,18,False
736,Bán,2100000000,65.92,Quận Phú Nhuận,2,2,Ko,Sổ hồng,Tây Nam,12,False
737,Thuê,6500000,68.52,Quận 12,2,2,Full,Hợp đồng mua bán,Tây Bắc,13,False
738,Knc,1838000000,70.4,Quận Phú Nhuận,3,2,Có,Sổ hồng,Tây Bắc,13,True
739,Knc,4516000000,70.28,Quận Tân Phú,2,2,Ko,Sổ hồng,Đông Bắc,13,False
740,Bán,1600000000,64.72,Quận 5,2,2,Có,Khác,Tây Bắc,12,True
741,Knc,2000000000,64.44,Quận 10,2,2,Full,Sổ hồng,Tây Bắc,11,False
742,Bán rồi,2500000000,56.48,Quận 8,2,2,Có,Sổ hồng,Đông Nam,13,False
743,Bán rồi,1686000000,48.76,Quận 10,3,2,Full,Hợp đồng mua bán,Đông Bắc,12,False
744,Knc,2100000000,59.68,Quận Bình Tân,3,2,Có,Sổ hồng,Tây Nam,14,True
745,Bán,2300000000,66.0,Quận Bình Tân,2,2,Full,Sổ hồng,Tây Nam,13,True
746,Knc,2000000000,73.6,Quận 4,3,2,Có,Sổ hồng,Đông Nam,12,False
747,Knc,2600000000,42.4,Bình Dương,3,2,Full,Hợp đồng mua bán,Tây Bắc,13,False
748,Knc,2600000000,46.6,Quận 2,2,2,Full,Khác,Tây Bắc,12,True
749,Bán,1850000000,47.56,Quận 12,3,2,Có,Hợp đồng mua bán,Tây Nam,13,True
750,Bán,2559000000,54.52,Quận Thủ Đức,3,2,Full,Sổ hồng,Đông Nam,13,False
751,Knc,2100000000,41.2,Quận 10,3,2,Ko,Hợp đồng mua bán,Đông Bắc,14,False
752,Bán rồi,2053000000,76.96,Quận Tân Bình,2,2,Full,Sổ hồng,Tây Nam,13,False
753,Knc,2200000000,78.84,Quận 4,2,2,Ko,Sổ hồng,Đông Nam,13,False
754,Thuê,1596000000,52.6,Quận Thủ Đức,3,2,Có,Sổ hồng,Đông Bắc,14,False
755,Knc,1770000000,43.6,Quận 5,2,2,Full,Sổ hồng,Tây Bắc,13,True
756,Bán,1970000000,76.04,Quận 2,2,2,Có,Sổ hồng,Tây Nam,13,True
757,Knc,2600000000,60.4,Quận 7,2,2,Có,Sổ hồng,Tây Nam,14,False
758,Thuê rồi,7500000,47.08,Quận Bình Tân,3,2,Full,Hợp đồng mua bán,Đông Nam,9,True
759,Bán rồi,4516000000,50.04,Quận 12,1,1,Có,Hợp đồng mua bán,Tây Nam,14,True
760,Knc,1900000000,69.2,Quận Tân Bình,2,2,Có,Hợp đồng mua bán,Tây Bắc,13,True
761,Bán,1750000000,68.72,Quận Bình Thạnh,2,2,Full,Sổ hồng,Đông Bắc,13,True
762,Knc,1950000000,49.2,Quận 9,1,1,Ko,Sổ hồng,Tây Nam,13,True
763,Knc,4300000000,42.12,Quận 5,2,2,Ko,Hợp đồng mua bán,Tây Nam,14,True
764,Bán rồi,1686000000,61.44,Quận Gò Vấp,2,2,Có,Hợp đồng mua bán,Tây Bắc,13,True
765,Knc,2600000000,40.84,Quận 6,2,2,Ko,Sổ hồng,Tây Nam,13,True
766,Knc,6500000,47.76,Quận 3,2,2,Ko,Sổ hồng,Đông Bắc,14,False
767,Knc,4516000000,68.36,Quận 8,3,2,Có,Hợp đồng mua bán,Tây Nam,13,True
768,Knc,1750000000,43.4,Quận 1,2,2,Có,Sổ hồng,Đông Bắc,13,True
769,Knc,1730000000,78.2,Quận Phú Nhuận,3,2,Ko,Sổ hồng,Đông Bắc,14,True
770,Knc,2100000000,42.24,Quận 9,2,2,Ko,Sổ hồng,Tây Nam,14,False
771,Knc,2100000000,53.96,Quận Bình Thạnh,2,2,Ko,Sổ hồng,Tây Nam,14,False
772,Knc,1900000000,75.76,Quận 4,3,2,Ko,Hợp đồng mua bán,Tây Nam,5,True
773,Knc,1900000000,68.12,Quận 7,2,2,Có,Sổ hồng,Đông Nam,4,False
774,Knc,1800000000,75.96,Quận 12,2,2,Full,Sổ hồng,Đông Bắc,5,False
775,Knc,1750000000,71.8,Quận 6,2,2,Ko,Sổ hồng,Đông Nam,5,True
776,Knc,2200000000,48.48,Bình Dương,2,2,Full,Sổ hồng,Đông Bắc,5,True
777,Bán rồi,1730000000,70.12,Quận Bình Tân,2,2,Ko,Sổ hồng,Tây Nam,5,False
778,Knc,1950000000,41.24,Quận 9,2,2,Full,Sổ hồng,Đông Nam,4,False
779,Bán,2100000000,58.96,Quận Bình Thạnh,3,2,Full,Sổ hồng,Đông Bắc,5,False
780,Knc,8000000,64.72,Quận 4,2,2,Có,Khác,Đông Nam,4,True
781,Knc,2254000000,58.76,Quận Thủ Đức,1,1,Có,Sổ hồng,Tây Nam,5,False
782,Knc,1750000000,63.24,Quận Bình Tân,2,2,Ko,Khác,Tây Nam,5,False
783,Knc,2100000000,45.0,Quận 3,2,2,Có,Sổ hồng,Đông Nam,5,False
784,Bán rồi,6000000,61.16,Bình Dương,2,2,Có,Sổ hồng,Đông Nam,6,False
785,Knc,1638000000,76.56,Quận 4,2,2,Full,Sổ hồng,Đông Nam,8,False
786,Knc,1700000000,64.8,Quận 2,2,2,Có,Khác,Đông Nam,5,True
787,Knc,1788000000,58.84,Quận 7,2,2,Có,Sổ hồng,Tây Nam,5,True
788,Knc,2300000000,74.44,Quận Tân Phú,2,2,Có,Sổ hồng,Tây Nam,5,True
789,Bán,1800000000,57.72,Quận Bình Thạnh,2,2,Có,Sổ hồng,Tây Nam,5,False
790,Bán rồi,1920000000,78.04,Quận Bình Tân,2,2,Full,Sổ hồng,Đông Bắc,6,False
791,Knc,1700000000,41.52,Quận 5,2,2,Full,Sổ hồng,Đông Nam,5,True
792,Knc,1853000000,78.36,Quận 8,3,2,Ko,Khác,Đông Bắc,7,True
793,Knc,2026000000,68.72,Quận 2,3,2,Full,Sổ hồng,Đông Bắc,19,False
794,Knc,2100000000,78.28,Quận 9,2,2,Full,Hợp đồng mua bán,Tây Nam,7,False
795,Bán rồi,1900000000,75.2,Quận 7,2,2,Full,Sổ hồng,Tây Nam,5,False
796,Knc,2100000000,73.16,Quận 2,2,2,Có,Hợp đồng mua bán,Tây Nam,6,False
797,Knc,1850000000,76.8,Quận Bình Thạnh,2,2,Có,Hợp đồng mua bán,Tây Nam,6,True
798,Knc,2100000000,58.12,Quận Tân Phú,2,2,Có,Sổ hồng,Đông Nam,9,True
799,Knc,1536000000,77.4,Quận Thủ Đức,2,2,Có,Sổ hồng,Tây Bắc,6,True
800,Knc,6500000,75.76,Quận 11,2,2,Ko,Sổ hồng,Đông Nam,11,False
801,Knc,5500000,76.28,Quận 12,2,2,Ko,Sổ hồng,Tây Nam,7,True
802,Bán rồi,1726000000,77.48,Quận Tân Bình,2,2,Ko,Hợp đồng mua bán,Tây Bắc,5,True
803,Bán,2550000000,47.8,Quận Gò Vấp,2,2,Ko,Hợp đồng mua bán,Tây Nam,7,False
804,Bán rồi,1630000000,63.84,Quận 2,2,2,Full,Khác,Đông Nam,6,True
805,Knc,1596000000,67.56,Quận 6,3,2,Có,Hợp đồng mua bán,Đông Bắc,6,True
806,Bán rồi,2000000000,74.16,Quận 8,2,2,Full,Sổ hồng,Tây Nam,6,False
807,Knc,5000000000,59.6,Quận Tân Phú,2,2,Có,Hợp đồng mua bán,Tây Nam,6,False
808,Knc,1900000000,64.08,Quận 6,2,2,Full,Sổ hồng,Đông Nam,10,False
809,Bán rồi,2046000000,74.96,Bình Dương,2,2,Có,Sổ hồng,Đông Nam,15,True
810,Bán,2200000000,70.88,Quận Tân Phú,3,2,Full,Sổ hồng,Tây Nam,6,False
811,Thuê,5500000,40.64,Quận 2,2,2,Có,Hợp đồng mua bán,Đông Nam,7,False
812,Knc,1776000000,45.96,Quận 1,2,2,Có,Khác,Đông Bắc,14,True
813,Thuê rồi,2228000000,42.24,Quận 1,2,2,Có,Sổ hồng,Tây Nam,5,False
814,Thuê,2500000000,40.88,Quận Bình Tân,2,2,Ko,Sổ hồng,Đông Bắc,7,False
815,Bán,2053000000,54.4,Quận Gò Vấp,3,2,Ko,Sổ hồng,Tây Nam,7,False
816,Knc,2100000000,41.16,Quận 2,2,2,Full,Hợp đồng mua bán,Tây Nam,7,False
817,Bán,2300000000,74.96,Quận 7,2,2,Có,Hợp đồng mua bán,Đông Nam,8,False
818,Bán,1520000000,70.96,Quận Bình Thạnh,1,1,Full,Sổ hồng,Tây Nam,6,True
819,Knc,2100000000,51.28,Quận 11,2,2,Full,Hợp đồng mua bán,Đông Bắc,7,False
820,Thuê rồi,1850000000,46.36,Quận Tân Bình,2,2,Full,Sổ hồng,Đông Bắc,6,True
821,Bán rồi,1846000000,66.24,Quận 7,2,2,Có,Sổ hồng,Đông Nam,10,True
822,Bán rồi,8000000,55.24,Quận 8,2,2,Có,Khác,Tây Nam,7,False
823,Bán rồi,1596000000,52.52,Quận Bình Thạnh,2,2,Ko,Hợp đồng mua bán,Đông Nam,12,True
824,Knc,1536000000,45.64,Quận 2,2,2,Full,Sổ hồng,Đông Bắc,6,False
825,Bán,2400000000,66.88,Bình Dương,2,2,Có,Sổ hồng,Đông Nam,16,True
826,Knc,2000000000,54.28,Quận Phú Nhuận,2,2,Ko,Hợp đồng mua bán,Đông Bắc,7,True
827,Knc,18260,79.64,Quận 6,1,1,Full,Sổ hồng,Tây Nam,7,True
828,Thuê,18260,68.64,Quận Thủ Đức,2,2,Full,Khác,Tây Nam,7,False
829,Knc,1900000000,66.8,Quận 11,2,2,Ko,Sổ hồng,Đông Nam,12,True
830,Knc,2100000000,73.64,Quận 3,2,2,Có,Khác,Tây Nam,7,True
831,Bán,2228000000,78.12,Quận Tân Phú,2,2,Ko,Sổ hồng,Tây Bắc,5,False
832,Bán rồi,2100000000,68.36,Quận Gò Vấp,1,1,Full,Sổ hồng,Tây Nam,9,False
833,Bán,2000000000,47.48,Quận Tân Bình,3,2,Full,Hợp đồng mua bán,Đông Bắc,9,False
834,Thuê,8000000,76.64,Quận Bình Tân,2,2,Có,Sổ hồng,Tây Bắc,17,True
835,Bán,1900000000,61.96,Quận 3,3,2,Full,Sổ hồng,Tây Nam,8,False
836,Bán rồi,2000000000,47.56,Quận Bình Thạnh,2,2,Full,Hợp đồng mua bán,Đông Bắc,9,True
837,Knc,6500000,79.36,Quận 8,2,2,Full,Hợp đồng mua bán,Tây Nam,9,False
838,Knc,1,60.28,Quận Bình Tân,3,2,Có,Sổ hồng,Đông Bắc,15,False
839,Bán rồi,2158000000,68.72,Quận Gò Vấp,2,2,Ko,Hợp đồng mua bán,Đông Bắc,10,True
840,Bán rồi,1826000000,61.0,Quận 8,2,2,Có,Hợp đồng mua bán,Tây Nam,9,True
841,Bán rồi,1750000000,59.52,Quận 12,2,2,Ko,Khác,Tây Bắc,7,True
842,Knc,2300000000,73.64,Quận 12,2,2,Có,Sổ hồng,Tây Nam,9,False
843,Thuê rồi,1950000000,49.56,Quận 4,2,2,Ko,Khác,Đông Bắc,9,True
844,Knc,2026000000,74.2,Quận 10,1,1,Có,Hợp đồng mua bán,Tây Nam,9,True
845,Knc,1846000000,77.08,Quận 12,2,2,Full,Hợp đồng mua bán,Tây Nam,7,True
846,Bán rồi,2000000000,47.56,Quận 7,2,2,Có,Hợp đồng mua bán,Tây Bắc,5,True
847,Knc,2000000000,49.44,Quận 7,2,2,Ko,Khác,Tây Nam,8,True
848,Bán,1650000000,51.56,Quận 8,2,2,Full,Sổ hồng,Đông Nam,7,True
849,Knc,1620000000,52.92,Quận 12,2,2,Có,Hợp đồng mua bán,Tây Nam,7,True
850,Knc,2000000000,54.56,Quận 6,2,2,Ko,Khác,Tây Nam,8,False
851,Bán,2150000000,64.76,Quận Phú Nhuận,2,2,Full,Sổ hồng,Tây Bắc,7,True
852,Bán rồi,2246000000,57.08,Quận 2,2,2,Ko,Sổ hồng,Đông Bắc,8,False
853,Bán,1600000000,79.0,Bình Dương,2,2,Có,Sổ hồng,Đông Nam,9,True
854,Knc,2100000000,44.64,Quận Thủ Đức,3,2,Full,Sổ hồng,Đông Bắc,8,True
855,Thuê,1920000000,71.92,Quận 4,1,1,Có,Sổ hồng,Tây Nam,8,True
856,Thuê rồi,2000000000,57.2,Quận 1,2,2,Full,Sổ hồng,Tây Bắc,7,False
857,Knc,1776000000,71.92,Quận Bình Thạnh,2,2,Ko,Hợp đồng mua bán,Đông Nam,8,False
858,Knc,2000000000,63.96,Quận 4,2,2,Full,Sổ hồng,Tây Nam,8,True
859,Bán,2000000000,74.4,Quận 10,2,2,Ko,Sổ hồng,Tây Bắc,6,False
860,Bán,2000000000,42.44,Quận 6,2,2,Ko,Sổ hồng,Tây Nam,8,True
861,Knc,1750000000,66.68,Quận 8,2,2,Full,Sổ hồng,Tây Bắc,7,True
862,Knc,2200000000,51.24,Quận 6,2,2,Ko,Hợp đồng mua bán,Tây Nam,9,True
863,Knc,1520000000,62.56,Quận 5,2,2,Full,Hợp đồng mua bán,Tây Bắc,8,False
864,Knc,2000000000,68.96,Bình Dương,3,2,Ko,Sổ hồng,Tây Nam,9,False
865,Knc,6000000,68.88,Quận 11,2,2,Full,Khác,Tây Nam,9,True
866,Bán rồi,5918000000,50.2,Quận 7,2,2,Ko,Khác,Đông Nam,8,True
867,Bán,1750000000,60.76,Quận 8,2,2,Full,Khác,Tây Bắc,8,False
868,Knc,1750000000,63.4,Quận 4,2,2,Ko,Khác,Tây Nam,8,True
869,Bán,1947500000,57.32,Quận Tân Phú,2,2,Ko,Sổ hồng,Tây Bắc,8,False
870,Bán rồi,2000000000,45.48,Quận Bình Thạnh,3,2,Full,Sổ hồng,Đông Bắc,9,False
871,Knc,1838000000,68.36,Quận Tân Phú,2,2,Có,Sổ hồng,Tây Nam,9,False
872,Knc,1950000000,48.36,Quận 9,2,2,Có,Sổ hồng,Tây Nam,16,False
873,Knc,6500000,69.6,Quận Bình Thạnh,3,2,Có,Sổ hồng,Tây Nam,16,False
874,Thuê rồi,3059000000,59.8,Bình Dương,2,2,Ko,Sổ hồng,Đông Bắc,11,False
875,Bán,1730000000,52.44,Quận 4,2,2,Ko,Sổ hồng,Tây Nam,17,False
876,Bán rồi,1,53.52,Quận 7,2,2,Ko,Sổ hồng,Tây Nam,17,False
877,Knc,2300000000,70.8,Quận 9,2,2,Có,Sổ hồng,Đông Bắc,17,True
878,Bán,1826000000,53.84,Quận 11,2,2,Ko,Sổ hồng,Tây Nam,16,False
879,Knc,3500000000,65.12,Quận 11,2,2,Ko,Sổ hồng,Tây Nam,16,True
880,Knc,1800000000,63.36,Quận Bình Tân,3,2,Ko,Khác,Đông Bắc,16,True
881,Bán,2500000000,50.36,Quận 3,3,2,Full,Sổ hồng,Đông Bắc,16,True
882,Knc,2070000000,65.52,Quận 7,2,2,Ko,Hợp đồng mua bán,Đông Bắc,16,True
883,Knc,7000000,46.32,Quận 6,2,2,Có,Khác,Đông Bắc,6,True
884,Knc,2500000000,71.64,Quận Tân Bình,2,2,Full,Khác,Tây Nam,12,True
885,Bán,1696,66.04,Quận Bình Thạnh,3,2,Full,Sổ hồng,Đông Bắc,16,True
886,Knc,1900000000,76.6,Quận 3,3,2,Full,Sổ hồng,Đông Bắc,17,True
887,Knc,4516000000,74.04,Quận 3,2,2,Có,Hợp đồng mua bán,Đông Bắc,17,True
888,Knc,1850000000,45.92,Quận 1,2,2,Có,Khác,Đông Bắc,17,False
889,Bán rồi,1750000000,49.0,Quận 3,1,1,Có,Khác,Đông Bắc,17,True
890,Knc,1770000000,47.48,Quận 11,3,2,Có,Sổ hồng,Đông Bắc,15,True
891,Knc,55,43.96,Quận Gò Vấp,2,2,Có,Sổ hồng,Đông Bắc,16,True
892,Knc,7000000,46.28,Quận 10,2,2,Có,Sổ hồng,Tây Nam,16,True
893,Knc,1750000000,57.76,Quận 1,3,2,Có,Sổ hồng,Đông Bắc,7,True
894,Knc,1900000000,76.04,Quận Tân Bình,2,2,Full,Sổ hồng,Đông Bắc,17,False
895,Knc,55,66.72,Quận Thủ Đức,2,2,Full,Hợp đồng mua bán,Đông Bắc,16,True
896,Knc,2000000000,49.48,Quận 6,2,2,Có,Hợp đồng mua bán,Đông Bắc,17,False
897,Thuê rồi,1900000000,63.24,Quận Thủ Đức,1,1,Ko,Hợp đồng mua bán,Đông Bắc,16,False
898,Knc,1950000000,77.48,Quận 10,2,2,Full,Sổ hồng,Đông Bắc,17,True
899,Bán,2000000000,42.44,Quận Tân Bình,2,2,Có,Khác,Tây Nam,16,True
900,Knc,55,49.12,Bình Dương,2,2,Ko,Sổ hồng,Tây Nam,16,True
901,Knc,2300000000,48.4,Quận Phú Nhuận,3,2,Có,Sổ hồng,Đông Bắc,17,False
902,Knc,1900000000,42.28,Quận 7,2,2,Full,Sổ hồng,Tây Nam,16,True
903,Bán rồi,4300000000,45.32,Quận Thủ Đức,2,2,Ko,Sổ hồng,Đông Bắc,17,True
904,Bán,2158000000,58.76,Quận Phú Nhuận,3,2,Full,Sổ hồng,Đông Bắc,17,True
905,Knc,1506000000,47.88,Quận Bình Tân,2,2,Ko,Sổ hồng,Tây Nam,17,False
906,Bán rồi,4516000000,40.68,Quận 1,1,1,Có,Hợp đồng mua bán,Đông Bắc,17,True
907,Knc,2000000000,67.0,Quận 5,2,2,Full,Sổ hồng,Đông Bắc,17,True
908,Thuê,6500000,66.48,Quận 8,2,2,Full,Hợp đồng mua bán,Tây Nam,17,True
909,Knc,1800000000,70.96,Quận 12,2,2,Full,Sổ hồng,Tây Nam,18,False
910,Bán,1980000000,48.92,Quận 7,2,2,Có,Sổ hồng,Tây Nam,10,False
911,Knc,2000000000,67.96,Quận 4,2,2,Có,Sổ hồng,Tây Nam,18,False
912,Knc,1850000000,40.4,Quận Gò Vấp,2,2,Ko,Hợp đồng mua bán,Tây Nam,17,False
913,Knc,1900000000,64.0,Quận 9,2,2,Full,Hợp đồng mua bán,Đông Bắc,18,True
914,Knc,1550000000,65.96,Quận Phú Nhuận,2,2,Ko,Sổ hồng,Đông Bắc,18,False
915,Bán rồi,1903000000,61.92,Quận Tân Phú,2,2,Full,Sổ hồng,Đông Bắc,17,False
916,Knc,2300000000,46.92,Quận Bình Tân,2,2,Full,Sổ hồng,Tây Nam,18,True
917,Knc,1550000000,70.04,Quận 5,3,2,Ko,Khác,Đông Nam,18,False
918,Thuê rồi,2056000000,45.36,Quận 8,1,1,Có,Sổ hồng,Đông Bắc,18,True
919,Knc,7000000,70.52,Quận 5,2,2,Ko,Hợp đồng mua bán,Đông Bắc,18,True
920,Bán,2228000000,76.56,Quận Tân Phú,2,2,Full,Khác,Đông Bắc,15,True
921,Knc,1900000000,52.6,Quận 5,3,2,Có,Sổ hồng,Đông Bắc,18,True
922,Knc,1900000000,47.92,Quận Bình Thạnh,3,2,Full,Sổ hồng,Đông Bắc,19,True
923,Knc,2254000000,48.0,Bình Dương,2,2,Có,Sổ hồng,Đông Nam,17,False
924,Bán,2056000000,71.56,Quận 4,3,2,Có,Hợp đồng mua bán,Tây Nam,18,False
925,Thuê,7500000,72.0,Quận Bình Thạnh,2,2,Full,Hợp đồng mua bán,Tây Nam,18,False
926,Knc,2150000000,52.96,Quận 6,2,2,Ko,Hợp đồng mua bán,Đông Bắc,18,False
927,Bán,2246000000,43.0,Quận Gò Vấp,3,2,Full,Sổ hồng,Đông Bắc,18,False
928,Thuê rồi,1800000000,59.16,Quận Phú Nhuận,2,2,Có,Sổ hồng,Tây Nam,18,True
929,Thuê rồi,1900000000,56.24,Bình Dương,2,2,Có,Hợp đồng mua bán,Đông Bắc,18,True
930,Thuê rồi,5918000000,53.92,Bình Dương,2,2,Ko,Hợp đồng mua bán,Tây Nam,18,False
931,Bán rồi,1850000000,78.16,Quận 8,2,2,Ko,Sổ hồng,Tây Nam,19,False
932,Bán rồi,1750000000,64.12,Quận 7,2,2,Full,Sổ hồng,Đông Bắc,4,False
933,Knc,1900000000,61.28,Quận 8,3,2,Full,Sổ hồng,Tây Nam,17,False
934,Bán,2254000000,69.32,Quận 5,3,2,Ko,Khác,Tây Nam,19,False
935,Bán,1799000000,43.32,Quận Bình Tân,2,2,Full,Hợp đồng mua bán,Tây Nam,19,True
936,Bán rồi,2600000000,59.04,Quận 8,1,1,Ko,Khác,Đông Bắc,19,True
937,Bán,7500000,53.92,Quận Phú Nhuận,2,2,Full,Sổ hồng,Đông Bắc,19,False
938,Knc,1800000000,74.92,Quận 12,2,2,Ko,Sổ hồng,Tây Nam,18,False
939,Bán rồi,1846000000,52.4,Quận Tân Phú,3,2,Full,Sổ hồng,Tây Nam,17,True
940,Thuê,6500000,41.0,Quận 9,2,2,Full,Hợp đồng mua bán,Tây Nam,17,False
941,Bán,2100000000,77.6,Quận 11,2,2,Full,Sổ hồng,Tây Nam,17,False
942,Knc,6500000,56.28,Quận 10,2,2,Ko,Sổ hồng,Đông Bắc,18,True
943,Knc,2464000000,60.28,Quận Bình Thạnh,2,2,Ko,Sổ hồng,Tây Nam,19,True
944,Bán,1950000000,62.16,Quận Tân Bình,2,2,Full,Sổ hồng,Đông Bắc,19,False
945,Knc,7000000,41.6,Quận Bình Thạnh,2,2,Full,Sổ hồng,Đông Bắc,19,False
946,Knc,1730000000,47.68,Quận Gò Vấp,2,2,Có,Sổ hồng,Tây Nam,19,True
947,Bán,2100000000,72.96,Quận Bình Tân,3,2,Có,Sổ hồng,Đông Bắc,18,True
948,Thuê rồi,6000000,68.44,Quận Tân Phú,2,2,Có,Hợp đồng mua bán,Đông Bắc,19,True
949,Knc,6500000,74.28,Quận Gò Vấp,3,2,Có,Khác,Tây Nam,18,True
950,Knc,1970000000,63.44,Quận Bình Tân,2,2,Ko,Sổ hồng,Đông Bắc,18,False
951,Bán rồi,1950000000,75.12,Quận Tân Phú,2,2,Ko,Sổ hồng,Đông Bắc,10,False
952,Bán rồi,1,71.48,Quận Phú Nhuận,3,2,Có,Sổ hồng,Tây Nam,19,False
953,Knc,2300000000,65.52,Quận Tân Phú,2,2,Ko,Hợp đồng mua bán,Đông Bắc,4,True
954,Knc,3905000000,64.12,Quận Tân Phú,2,2,Full,Sổ hồng,Tây Nam,18,False
955,Bán,1780000000,58.2,Quận 3,2,2,Full,Hợp đồng mua bán,Đông Bắc,19,False
956,Thuê,2464000000,44.24,Quận Bình Thạnh,2,2,Có,Sổ hồng,Đông Bắc,18,False
957,Knc,2158000000,78.52,Quận 7,2,2,Ko,Hợp đồng mua bán,Tây Nam,17,False
958,Knc,2000000000,45.92,Quận 10,2,2,Có,Hợp đồng mua bán,Tây Nam,17,True
959,Knc,1,46.64,Bình Dương,2,2,Full,Sổ hồng,Tây Nam,19,True
960,Bán rồi,1506000000,55.16,Quận Bình Tân,2,2,Full,Hợp đồng mua bán,Đông Bắc,19,True
961,Bán rồi,1788000000,56.84,Quận Bình Tân,2,2,Có,Hợp đồng mua bán,Tây Bắc,18,True
962,Knc,1,47.12,Quận 6,2,2,Full,Sổ hồng,Đông Bắc,19,True
963,Bán rồi,1900000000,54.92,Quận 3,3,2,Full,Hợp đồng mua bán,Đông Nam,4,False
964,Knc,1550000000,65.56,Quận 12,1,1,Ko,Khác,Đông Bắc,19,False
965,Knc,1,50.44,Quận 12,2,2,Full,Hợp đồng mua bán,Đông Bắc,19,True
966,Bán rồi,7000000,62.36,Quận Tân Bình,2,2,Có,Khác,Tây Nam,19,False
967,Thuê,1846000000,56.4,Quận 4,2,2,Có,Sổ hồng,Tây Nam,19,True
968,Thuê rồi,2100000000,71.48,Quận Tân Phú,3,2,Có,Sổ hồng,Tây Nam,19,False
969,Knc,1700000000,49.72,Quận Bình Thạnh,2,2,Full,Hợp đồng mua bán,Đông Bắc,4,False
970,Knc,1900000000,47.96,Quận 5,3,2,Có,Khác,Đông Bắc,4,False
971,Knc,1788000000,68.4,Quận 9,2,2,Full,Sổ hồng,Tây Nam,19,False
972,Bán rồi,6500000,68.88,Quận 7,3,2,Full,Hợp đồng mua bán,Đông Bắc,19,True
973,Bán rồi,1900000000,45.88,Quận 4,2,2,Có,Hợp đồng mua bán,Đông Bắc,12,True
974,Bán,1750000000,53.92,Quận 5,2,2,Full,Sổ hồng,Đông Bắc,12,False
975,Knc,1800000000,70.2,Quận 1,2,2,Có,Hợp đồng mua bán,Tây Nam,12,False
976,Bán,1700000000,48.56,Quận Bình Tân,3,2,Ko,Sổ hồng,Tây Nam,12,True
977,Knc,1850000000,52.96,Quận 2,2,2,Ko,Sổ hồng,Đông Bắc,12,False
978,Knc,1776000000,78.04,Quận 4,2,2,Có,Sổ hồng,Đông Bắc,12,True
979,Thuê rồi,2000000000,42.44,Quận 4,2,2,Full,Sổ hồng,Tây Nam,12,True
980,Bán,1950000000,70.88,Quận 10,3,2,Ko,Sổ hồng,Đông Bắc,12,True
981,Knc,1980000000,44.4,Quận 10,2,2,Full,Sổ hồng,Tây Nam,12,False
982,Bán rồi,2000000000,40.04,Quận 5,2,2,Có,Hợp đồng mua bán,Tây Nam,11,True
983,Bán rồi,1800000000,61.88,Quận 4,2,2,Full,Sổ hồng,Tây Nam,11,True
984,Bán rồi,1650000000,75.0,Quận 3,2,2,Full,Hợp đồng mua bán,Đông Bắc,12,True
985,Knc,1900000000,72.8,Quận 4,2,2,Ko,Sổ hồng,Đông Bắc,12,False
986,Bán rồi,1750000000,48.32,Quận Bình Thạnh,2,2,Có,Sổ hồng,Đông Bắc,12,False
987,Knc,2200000000,65.2,Quận Bình Thạnh,2,2,Full,Sổ hồng,Tây Nam,12,False
988,Knc,1926000000,60.56,Quận Gò Vấp,2,2,Full,Sổ hồng,Tây Nam,12,False
989,Knc,2600000000,72.52,Quận Thủ Đức,3,2,Ko,Sổ hồng,Tây Nam,12,True
990,Knc,2000000000,59.6,Quận 9,1,1,Ko,Hợp đồng mua bán,Đông Bắc,12,False
991,Knc,1900000000,66.52,Quận Bình Tân,3,2,Full,Sổ hồng,Đông Bắc,12,True
992,Knc,2000000000,64.12,Quận Tân Phú,3,2,Ko,Khác,Tây Nam,12,True
993,Knc,1800000000,63.52,Quận Tân Phú,3,2,Full,Sổ hồng,Đông Bắc,19,True
994,Thuê rồi,1850000000,59.16,Quận 5,2,2,Full,Hợp đồng mua bán,Đông Bắc,13,True
995,Knc,2100000000,72.88,Quận 5,2,2,Full,Khác,Đông Bắc,13,False
996,Knc,1630000000,63.32,Quận 7,2,2,Ko,Khác,Tây Nam,13,False
997,Knc,1638000000,72.72,Quận Thủ Đức,2,2,Full,Hợp đồng mua bán,Tây Nam,13,True
998,Bán rồi,1776000000,64.36,Quận Tân Phú,2,2,Full,Hợp đồng mua bán,Tây Nam,12,True
999,Bán,1686000000,66.44,Quận Phú Nhuận,2,2,Full,Sổ hồng,Đông Bắc,14,True
1000,Bán,1788000000,40.76,Quận 12,2,2,Có,Sổ hồng,Đông Bắc,14,True
1001,Knc,2100000000,78.0,Quận 4,2,2,Full,Sổ hồng,Tây Bắc,19,True
1002,Knc,1903000000,65.68,Quận Tân Bình,2,2,Full,Hợp đồng mua bán,Đông Bắc,14,True
1003,Knc,2158000000,69.84,Quận 3,2,2,Có,Sổ hồng,Tây Nam,13,True
1004,Bán,1800000000,58.48,Quận 4,2,2,Có,Sổ hồng,Tây Nam,12,True
1005,Knc,2100000000,67.48,Quận 11,2,2,Full,Sổ hồng,Đông Bắc,13,False
1006,Knc,2000000000,58.44,Quận Bình Thạnh,2,2,Có,Sổ hồng,Tây Nam,13,True
1007,Knc,1596000000,63.56,Quận 10,2,2,Có,Sổ hồng,Tây Nam,15,True
1008,Knc,2000000000,52.52,Quận Tân Bình,2,2,Ko,Sổ hồng,Tây Nam,13,False
1009,Bán rồi,6000000,64.84,Quận 9,2,2,Ko,Sổ hồng,Tây Nam,14,True
1010,Knc,1730000000,60.72,Quận 6,1,1,Ko,Hợp đồng mua bán,Tây Bắc,13,True
1011,Knc,7000000,68.84,Quận 8,2,2,Full,Khác,Đông Bắc,13,True
1012,Bán rồi,1947500000,51.92,Quận 11,3,2,Có,Sổ hồng,Đông Bắc,14,True
1013,Bán rồi,1900000000,76.96,Bình Dương,3,2,Ko,Sổ hồng,Tây Nam,15,True
1014,Bán rồi,2026000000,61.88,Quận Gò Vấp,2,2,Có,Hợp đồng mua bán,Tây Nam,13,True
1015,Knc,2200000000,67.32,Quận Gò Vấp,2,2,Ko,Sổ hồng,Đông Nam,11,True
1016,Bán,2100000000,46.68,Quận 9,3,2,Có,Hợp đồng mua bán,Đông Bắc,13,False
1017,Knc,1,63.68,Quận Gò Vấp,3,2,Ko,Hợp đồng mua bán,Tây Nam,19,True
1018,Bán rồi,5000000000,76.72,Quận 2,2,2,Ko,Sổ hồng,Tây Nam,12,True
1019,Bán rồi,1950000000,46.04,Quận Tân Bình,2,2,Có,Sổ hồng,Tây Nam,13,True
1020,Knc,2000000000,51.56,Quận 5,1,1,Full,Hợp đồng mua bán,Đông Bắc,14,False
1021,Knc,2000000000,41.56,Quận 11,2,2,Ko,Hợp đồng mua bán,Đông Bắc,13,True
1022,Thuê,1903000000,61.16,Quận 11,3,2,Full,Sổ hồng,Tây Nam,13,True
1023,Thuê,1650000000,56.4,Quận Phú Nhuận,2,2,Ko,Sổ hồng,Đông Bắc,6,True
1024,Knc,6500000,43.24,Quận 10,2,2,Có,Hợp đồng mua bán,Đông Bắc,14,True
1025,Bán,2200000000,64.8,Quận 3,2,2,Full,Hợp đồng mua bán,Tây Nam,14,False
1026,Knc,1950000000,48.96,Quận Tân Phú,2,2,Ko,Hợp đồng mua bán,Tây Nam,13,True
1027,Thuê rồi,5500000,77.04,Quận Phú Nhuận,2,2,Có,Hợp đồng mua bán,Tây Nam,14,True
1028,Knc,2100000000,76.4,Quận 8,2,2,Full,Sổ hồng,Tây Nam,13,False
1029,Bán rồi,8000000,61.12,Quận 7,2,2,Ko,Sổ hồng,Tây Nam,13,False
1030,Bán rồi,3500000000,42.96,Quận 6,3,2,Full,Sổ hồng,Đông Nam,12,False
1031,Bán,2070000000,66.24,Quận Bình Tân,3,2,Có,Sổ hồng,Đông Bắc,13,True
1032,Bán,6500000,44.44,Quận 5,3,2,Full,Khác,Tây Nam,13,False
1033,Knc,1638000000,72.32,Quận Thủ Đức,3,2,Full,Sổ hồng,Đông Bắc,13,False
1034,Knc,2150000000,68.84,Quận Thủ Đức,3,2,Có,Sổ hồng,Đông Bắc,15,False
1035,Knc,2300000000,49.12,Quận Thủ Đức,2,2,Full,Khác,Đông Bắc,13,False
1036,Bán,1926000000,47.76,Quận 9,3,2,Ko,Sổ hồng,Tây Nam,14,False
1037,Knc,1800000000,76.52,Quận Thủ Đức,3,2,Có,Khác,Đông Bắc,15,False
1038,Bán rồi,2500000000,40.08,Quận 2,2,2,Có,Sổ hồng,Tây Nam,14,False
1039,Bán rồi,1799000000,55.88,Quận Tân Phú,2,2,Có,Sổ hồng,Tây Nam,14,True
1040,Thuê,6500000,52.2,Quận 1,2,2,Có,Sổ hồng,Đông Bắc,14,False
1041,Knc,1,40.44,Quận 9,2,2,Full,Hợp đồng mua bán,Tây Nam,15,False
1042,Knc,6500000,66.32,Quận 6,1,1,Ko,Sổ hồng,Tây Bắc,10,True
1043,Bán,2500000000,73.24,Quận 5,3,2,Full,Sổ hồng,Tây Bắc,6,True
1044,Bán,2550000000,77.36,Quận 1,2,2,Có,Sổ hồng,Tây Nam,8,False
1045,Bán rồi,1700000000,48.76,Quận 9,2,2,Ko,Sổ hồng,Đông Bắc,15,False
1046,Thuê rồi,2056000000,57.88,Quận 11,2,2,Full,Sổ hồng,Tây Bắc,15,True
1047,Knc,2000000000,59.28,Quận Phú Nhuận,3,2,Ko,Khác,Đông Bắc,14,False
1048,Thuê rồi,1520000000,41.68,Quận Thủ Đức,2,2,Có,Sổ hồng,Đông Nam,18,False
1049,Knc,1688000000,45.16,Quận 7,2,2,Có,Sổ hồng,Đông Nam,11,True
1050,Bán,1688000000,53.32,Quận 12,2,2,Ko,Sổ hồng,Đông Bắc,15,True
1051,Bán,2000000000,45.24,Quận Bình Tân,1,1,Full,Hợp đồng mua bán,Đông Bắc,14,False
1052,Knc,3905000000,69.24,Quận 2,2,2,Có,Sổ hồng,Tây Nam,14,True
1053,Thuê rồi,1950000000,62.68,Quận 8,2,2,Ko,Sổ hồng,Đông Nam,10,False
1054,Knc,2200000000,76.88,Quận Thủ Đức,2,2,Full,Sổ hồng,Đông Bắc,15,False
1055,Knc,1853000000,50.0,Quận 5,3,2,Có,Khác,Đông Bắc,15,True
1056,Knc,1850000000,40.6,Quận 2,2,2,Có,Khác,Đông Bắc,14,True
1057,Bán rồi,6500000,46.16,Quận 6,2,2,Ko,Sổ hồng,Đông Bắc,15,False
1058,Knc,1730000000,61.32,Bình Dương,2,2,Full,Sổ hồng,Tây Nam,15,False
1059,Knc,2200000000,71.96,Quận 9,2,2,Có,Sổ hồng,Đông Bắc,15,False
1060,Knc,2000000000,64.68,Quận Bình Thạnh,1,1,Ko,Sổ hồng,Đông Bắc,14,False
1061,Bán rồi,1600000000,70.52,Quận 1,2,2,Ko,Hợp đồng mua bán,Tây Nam,14,False
1062,Knc,1520000000,72.8,Bình Dương,2,2,Có,Sổ hồng,Tây Nam,15,False
1063,Knc,1948000000,44.52,Quận 9,3,2,Có,Sổ hồng,Tây Nam,15,True
1064,Bán rồi,1600000000,43.0,Quận Bình Tân,2,2,Có,Sổ hồng,Tây Nam,15,True
1065,Knc,1750000000,57.4,Bình Dương,2,2,Full,Sổ hồng,Tây Nam,15,False
1066,Knc,2000000000,57.92,Quận Bình Thạnh,2,2,Ko,Sổ hồng,Tây Nam,15,True
1067,Knc,2000000000,61.48,Quận 6,2,2,Có,Hợp đồng mua bán,Tây Nam,14,True
1068,Knc,1900000000,40.68,Quận 5,2,2,Ko,Khác,Tây Nam,14,False
1069,Knc,1800000000,44.52,Quận 6,1,1,Ko,Sổ hồng,Đông Bắc,15,False
1070,Bán rồi,4516000000,49.16,Quận Tân Bình,2,2,Full,Hợp đồng mua bán,Đông Bắc,14,True
1071,Bán rồi,1900000000,72.56,Quận 1,2,2,Full,Sổ hồng,Tây Nam,15,True
1072,Knc,2100000000,76.4,Quận Gò Vấp,3,2,Ko,Sổ hồng,Đông Nam,5,False
1073,Thuê rồi,3059000000,65.4,Quận 4,2,2,Full,Khác,Đông Bắc,8,False
1074,Bán rồi,2000000000,78.36,Quận Tân Bình,1,1,Ko,Khác,Đông Bắc,9,True
1075,Bán rồi,2026000000,71.88,Quận 11,2,2,Ko,Sổ hồng,Đông Bắc,9,True
1076,Bán,2000000000,69.96,Quận 4,2,2,Ko,Sổ hồng,Đông Nam,7,True
1077,Knc,2600000000,67.64,Bình Dương,2,2,Full,Sổ hồng,Tây Nam,8,True
1078,Bán rồi,1800000000,73.68,Quận Tân Bình,2,2,Full,Khác,Tây Nam,9,False
1079,Knc,2000000000,46.84,Quận 1,2,2,Full,Sổ hồng,Tây Nam,9,False
1080,Knc,6500000,63.68,Quận 6,3,2,Full,Khác,Tây Nam,8,False
1081,Knc,1900000000,72.6,Quận Phú Nhuận,2,2,Full,Hợp đồng mua bán,Tây Bắc,18,False
1082,Knc,1750000000,75.76,Quận Bình Thạnh,2,2,Full,Khác,Tây Nam,9,True
1083,Knc,2000000000,77.76,Bình Dương,2,2,Có,Hợp đồng mua bán,Tây Nam,8,False
1084,Bán rồi,2200000000,51.16,Quận 6,2,2,Ko,Hợp đồng mua bán,Tây Nam,9,True
1085,Knc,1950000000,56.68,Quận 9,3,2,Ko,Sổ hồng,Tây Nam,9,True
1086,Knc,2600000000,65.68,Quận Bình Thạnh,3,2,Ko,Sổ hồng,Tây Nam,9,True
1087,Bán rồi,1950000000,48.64,Quận 7,1,1,Ko,Khác,Đông Bắc,9,False
1088,Knc,2100000000,58.16,Bình Dương,2,2,Có,Sổ hồng,Tây Nam,10,False
1089,Thuê,1686000000,46.28,Quận Tân Phú,3,2,Có,Khác,Đông Bắc,9,False
1090,Knc,2000000000,41.16,Quận Gò Vấp,2,2,Ko,Khác,Tây Nam,8,False
1091,Bán rồi,2246000000,45.12,Quận 10,2,2,Có,Sổ hồng,Đông Bắc,9,True
1092,Bán rồi,5000000000,73.12,Quận Tân Bình,2,2,Ko,Sổ hồng,Đông Nam,10,False
1093,Knc,2000000000,65.68,Quận 1,2,2,Có,Sổ hồng,Tây Nam,8,False
1094,Knc,1900000000,79.28,Quận Gò Vấp,2,2,Có,Khác,Tây Nam,9,False
1095,Knc,7000000,57.72,Quận Bình Thạnh,2,2,Full,Sổ hồng,Tây Nam,9,True
1096,Thuê,1846000000,79.04,Quận Gò Vấp,2,2,Có,Sổ hồng,Đông Bắc,8,True
1097,Knc,2000000000,65.32,Quận Tân Bình,2,2,Full,Hợp đồng mua bán,Tây Nam,8,False
1098,Bán rồi,4516000000,73.6,Quận 6,2,2,Có,Hợp đồng mua bán,Đông Bắc,8,True
1099,Knc,6000000,48.2,Quận 6,2,2,Ko,Sổ hồng,Tây Nam,9,False
1100,Knc,2100000000,66.56,Quận 6,2,2,Có,Hợp đồng mua bán,Đông Bắc,9,True
1101,Knc,1800000000,72.76,Quận Thủ Đức,2,2,Ko,Khác,Đông Bắc,9,True
1102,Knc,1750000000,43.44,Quận 9,2,2,Ko,Hợp đồng mua bán,Đông Bắc,9,True
1103,Knc,1550000000,54.24,Quận Tân Bình,2,2,Có,Sổ hồng,Đông Bắc,8,False
1104,Bán,2000000000,74.2,Quận 1,2,2,Ko,Sổ hồng,Đông Nam,17,True
1105,Knc,8000000,64.96,Quận Bình Tân,3,2,Ko,Sổ hồng,Tây Nam,8,False
1106,Knc,2000000000,41.16,Quận 1,2,2,Có,Sổ hồng,Tây Nam,8,True
1107,Thuê,1947500000,77.04,Quận Phú Nhuận,3,2,Có,Sổ hồng,Đông Bắc,8,True
1108,Knc,5918000000,42.16,Quận 12,3,2,Full,Sổ hồng,Tây Nam,8,True
1109,Bán rồi,1800000000,72.56,Quận Bình Thạnh,1,1,Full,Khác,Đông Bắc,8,True
1110,Knc,1686000000,76.44,Quận Thủ Đức,2,2,Có,Hợp đồng mua bán,Tây Bắc,6,True
1111,Knc,2000000000,47.36,Quận 4,2,2,Có,Sổ hồng,Đông Bắc,8,True
1112,Bán,1903000000,58.76,Quận 3,2,2,Có,Hợp đồng mua bán,Đông Bắc,8,False
1113,Knc,2000000000,43.44,Quận Tân Bình,3,2,Full,Sổ hồng,Đông Bắc,9,False
1114,Knc,1800000000,69.72,Quận Thủ Đức,2,2,Có,Hợp đồng mua bán,Đông Bắc,9,False
1115,Knc,1686000000,54.4,Quận 3,2,2,Có,Sổ hồng,Đông Bắc,9,True
1116,Knc,1850000000,41.16,Quận 3,2,2,Có,Khác,Đông Bắc,9,True
1117,Knc,1750000000,54.52,Quận Tân Bình,2,2,Có,Sổ hồng,Tây Nam,8,True
1118,Bán,2000000000,77.08,Quận 8,3,2,Có,Sổ hồng,Đông Bắc,8,True
1119,Knc,2200000000,72.96,Quận Bình Thạnh,2,2,Full,Sổ hồng,Tây Nam,8,True
1120,Knc,5918000000,72.72,Quận Bình Thạnh,3,2,Full,Khác,Tây Nam,10,True
1121,Knc,2500000000,66.72,Quận Tân Phú,2,2,Có,Sổ hồng,Tây Nam,7,True
1122,Knc,2000000000,67.92,Bình Dương,2,2,Full,Khác,Tây Nam,8,False
1123,Knc,1838000000,73.24,Quận 6,2,2,Full,Sổ hồng,Đông Bắc,8,False
1124,Thuê,1750000000,70.92,Quận Phú Nhuận,3,2,Full,Sổ hồng,Đông Nam,15,False
1125,Knc,6500000,71.36,Quận 6,3,2,Ko,Sổ hồng,Tây Nam,9,False
1126,Knc,2000000000,66.32,Quận 5,2,2,Có,Hợp đồng mua bán,Tây Nam,10,True
1127,Bán rồi,1638000000,71.32,Quận 10,2,2,Có,Hợp đồng mua bán,Tây Bắc,15,True
1128,Bán rồi,1700000000,43.52,Quận Tân Phú,1,1,Ko,Hợp đồng mua bán,Đông Bắc,10,True
1129,Knc,2007000000,68.68,Quận 6,2,2,Có,Hợp đồng mua bán,Tây Nam,9,False
1130,Knc,1947500000,78.2,Quận 11,2,2,Full,Hợp đồng mua bán,Đông Bắc,11,True
1131,Bán,1700000000,53.84,Quận 5,2,2,Ko,Sổ hồng,Đông Bắc,10,False
1132,Bán,2387600000,49.8,Quận 2,2,2,Ko,Sổ hồng,Tây Nam,10,True
1133,Knc,2300000000,43.76,Quận 8,2,2,Full,Sổ hồng,Tây Nam,11,True
1134,Bán rồi,1726000000,75.4,Quận Phú Nhuận,3,2,Có,Khác,Tây Nam,11,True
1135,Bán rồi,1826000000,42.12,Quận Gò Vấp,2,2,Có,Khác,Tây Bắc,6,False
1136,Thuê rồi,2300000000,60.4,Quận 4,2,2,Có,Hợp đồng mua bán,Tây Nam,10,False
1137,Bán rồi,1950000000,74.88,Quận 4,3,2,Full,Sổ hồng,Đông Bắc,11,True
1138,Bán,1900000000,59.12,Quận 5,3,2,Có,Khác,Đông Bắc,10,False
1139,Bán,2387600000,78.56,Quận 3,3,2,Full,Sổ hồng,Đông Bắc,10,False
1140,Bán,5500000,51.36,Quận 11,3,2,Có,Sổ hồng,Đông Bắc,11,True
1141,Knc,1638000000,68.0,Quận 8,2,2,Full,Sổ hồng,Đông Bắc,10,True
1142,Bán,5000000000,49.0,Quận Tân Phú,2,2,Có,Sổ hồng,Tây Nam,10,False
1143,Bán,1900000000,65.64,Quận 7,3,2,Ko,Hợp đồng mua bán,Đông Bắc,11,True
1144,Thuê,7000000,69.88,Quận 7,1,1,Ko,Hợp đồng mua bán,Tây Nam,16,False
1145,Knc,2000000000,77.68,Quận 11,2,2,Có,Hợp đồng mua bán,Tây Nam,11,False
1146,Knc,2000000000,73.84,Quận Bình Thạnh,2,2,Full,Sổ hồng,Tây Nam,11,True
1147,Knc,2300000000,40.76,Quận 2,2,2,Full,Sổ hồng,Đông Bắc,11,True
1148,Bán rồi,1900000000,77.4,Quận Phú Nhuận,2,2,Có,Sổ hồng,Đông Bắc,11,True
1149,Bán rồi,2300000000,71.84,Quận 7,2,2,Full,Khác,Tây Nam,11,False
1150,Knc,7000000,70.32,Quận 5,2,2,Ko,Sổ hồng,Đông Bắc,10,True
1151,Bán rồi,1,50.36,Quận Tân Bình,1,1,Full,Sổ hồng,Đông Bắc,10,False
1152,Knc,1903000000,54.8,Quận Phú Nhuận,2,2,Có,Khác,Tây Nam,10,True
1153,Knc,18260,71.68,Quận Tân Bình,2,2,Có,Hợp đồng mua bán,Tây Nam,10,False
1154,Knc,1650000000,42.04,Quận Thủ Đức,3,2,Full,Khác,Tây Nam,10,False
1155,Knc,2000000000,66.44,Quận Gò Vấp,2,2,Có,Khác,Đông Bắc,11,True
1156,Knc,2000000000,62.32,Bình Dương,3,2,Ko,Hợp đồng mua bán,Tây Nam,11,False
1157,Bán,1536000000,60.2,Quận 11,1,1,Có,Sổ hồng,Đông Bắc,11,False
1158,Knc,1700000000,53.12,Quận 3,2,2,Có,Sổ hồng,Tây Nam,11,False
1159,Knc,1650000000,62.2,Quận 6,2,2,Có,Khác,Đông Bắc,11,False
1160,Knc,1900000000,64.96,Quận 5,3,2,Có,Sổ hồng,Tây Nam,10,False
1161,Knc,1850000000,40.36,Quận Thủ Đức,2,2,Có,Hợp đồng mua bán,Đông Bắc,10,True
1162,Knc,1700000000,70.96,Quận 5,2,2,Có,Sổ hồng,Tây Nam,11,False
1163,Thuê,1,69.64,Quận 8,2,2,Có,Sổ hồng,Đông Bắc,10,True
1164,Knc,2026000000,51.0,Quận 8,2,2,Có,Hợp đồng mua bán,Đông Bắc,11,True
1165,Knc,2100000000,40.08,Quận Tân Phú,3,2,Ko,Sổ hồng,Đông Bắc,11,False
1166,Knc,1638000000,72.28,Quận 4,2,2,Ko,Khác,Đông Nam,5,False
1167,Bán,1800000000,78.12,Quận Tân Phú,2,2,Ko,Sổ hồng,Tây Bắc,14,False
1168,Knc,1900000000,73.04,Quận 6,2,2,Ko,Sổ hồng,Tây Nam,11,True
1169,Bán rồi,5500000,40.32,Quận 11,3,2,Ko,Sổ hồng,Tây Nam,11,True
1170,Bán rồi,1776000000,64.96,Quận Bình Tân,2,2,Ko,Sổ hồng,Tây Nam,11,True
1171,Knc,2100000000,40.32,Quận 4,2,2,Full,Sổ hồng,Tây Nam,11,True
1172,Knc,3059000000,54.44,Quận Tân Bình,2,2,Full,Sổ hồng,Đông Bắc,5,True
1173,Knc,2100000000,60.16,Quận 4,3,2,Có,Hợp đồng mua bán,Đông Bắc,4,True
1174,Bán rồi,1750000000,41.44,Quận Gò Vấp,2,2,Có,Hợp đồng mua bán,Đông Bắc,4,True
1175,Knc,2034000000,51.16,Quận 3,2,2,Có,Sổ hồng,Đông Bắc,4,True
1176,Knc,1688000000,72.2,Quận 3,2,2,Full,Hợp đồng mua bán,Đông Bắc,4,True
1177,Knc,1900000000,43.12,Quận Phú Nhuận,2,2,Có,Sổ hồng,Đông Bắc,4,True
1178,Bán,1838000000,59.0,Quận Thủ Đức,2,2,Full,Sổ hồng,Tây Bắc,8,True
1179,Bán,2007000000,59.28,Quận Thủ Đức,2,2,Full,Sổ hồng,Đông Bắc,4,False
1180,Bán rồi,1,68.36,Quận 4,2,2,Full,Khác,Đông Bắc,4,False
1181,Bán,1506000000,58.12,Quận Gò Vấp,1,1,Ko,Sổ hồng,Đông Bắc,4,False
1182,Knc,1696,62.04,Quận 7,2,2,Có,Hợp đồng mua bán,Đông Bắc,4,True
1183,Knc,1826000000,41.6,Quận 4,1,1,Có,Sổ hồng,Đông Bắc,4,False
1184,Knc,1700000000,57.44,Bình Dương,2,2,Có,Sổ hồng,Đông Bắc,4,True
1185,Bán,2007000000,63.52,Quận 9,3,2,Full,Sổ hồng,Đông Bắc,5,False
1186,Knc,1750000000,73.52,Quận Bình Tân,3,2,Ko,Sổ hồng,Tây Nam,5,True
1187,Thuê rồi,7500000,64.84,Quận 3,3,2,Có,Hợp đồng mua bán,Tây Nam,5,False
1188,Knc,2100000000,46.44,Quận Phú Nhuận,2,2,Ko,Sổ hồng,Tây Bắc,16,True
1189,Knc,1900000000,55.2,Quận Tân Phú,2,2,Full,Sổ hồng,Đông Bắc,5,False
1190,Knc,1596000000,61.56,Quận 8,3,2,Full,Sổ hồng,Đông Bắc,4,True
1191,Knc,1970000000,56.04,Quận 8,2,2,Ko,Sổ hồng,Đông Bắc,5,True
1192,Knc,1770000000,49.6,Quận 7,2,2,Có,Khác,Đông Bắc,5,False
1193,Knc,1970000000,62.6,Quận 7,2,2,Full,Hợp đồng mua bán,Tây Nam,5,False
1194,Knc,1900000000,53.52,Quận Tân Phú,2,2,Full,Sổ hồng,Đông Bắc,5,True
1195,Knc,2244000000,61.64,Quận 6,2,2,Có,Hợp đồng mua bán,Tây Nam,5,False
1196,Bán,7500000,75.8,Quận 12,2,2,Có,Sổ hồng,Tây Nam,5,False
1197,Knc,4300000000,46.04,Quận 9,3,2,Có,Hợp đồng mua bán,Tây Nam,5,True
1198,Knc,7000000,79.88,Quận 4,2,2,Có,Sổ hồng,Tây Nam,18,False
1199,Knc,1970000000,40.52,Quận Tân Bình,1,1,Full,Sổ hồng,Đông Bắc,5,False
1200,Thuê rồi,2026000000,78.12,Quận Bình Tân,2,2,Ko,Sổ hồng,Đông Bắc,6,True
1201,Knc,5918000000,52.96,Quận 2,3,2,Ko,Sổ hồng,Đông Bắc,4,False
1202,Knc,2254000000,76.6,Quận Phú Nhuận,2,2,Có,Sổ hồng,Tây Nam,5,False
1203,Knc,1788000000,42.16,Quận Gò Vấp,2,2,Có,Hợp đồng mua bán,Đông Bắc,5,False
1204,Knc,8000000,58.76,Quận Bình Thạnh,2,2,Full,Hợp đồng mua bán,Đông Bắc,5,False
1205,Bán,1900000000,46.4,Quận 7,2,2,Ko,Hợp đồng mua bán,Đông Bắc,5,True
1206,Bán,2000000000,62.72,Quận 6,3,2,Có,Sổ hồng,Đông Bắc,5,False
1207,Knc,1826000000,77.84,Quận Bình Thạnh,3,2,Ko,Sổ hồng,Tây Nam,6,True
1208,Knc,1826000000,43.68,Quận 12,2,2,Full,Sổ hồng,Tây Nam,6,True
1209,Bán rồi,1550000000,77.24,Quận Bình Tân,3,2,Ko,Sổ hồng,Tây Nam,7,False
1210,Thuê,1596000000,72.08,Bình Dương,2,2,Ko,Hợp đồng mua bán,Đông Nam,17,True
1211,Thuê rồi,2034000000,44.96,Quận Thủ Đức,3,2,Có,Sổ hồng,Đông Bắc,6,False
1212,Bán rồi,1826000000,75.84,Quận 10,2,2,Có,Hợp đồng mua bán,Tây Nam,6,True
1213,Knc,1688000000,63.96,Quận 12,2,2,Có,Sổ hồng,Đông Bắc,6,False
1214,Bán rồi,1788000000,71.88,Quận 4,2,2,Full,Sổ hồng,Tây Nam,6,True
1215,Thuê,1920000000,75.52,Quận Bình Thạnh,1,1,Full,Hợp đồng mua bán,Tây Bắc,16,False
1216,Knc,2000000000,60.64,Bình Dương,2,2,Ko,Sổ hồng,Tây Nam,5,False
1217,Knc,1838000000,70.32,Quận 11,2,2,Ko,Hợp đồng mua bán,Đông Bắc,6,True
1218,Bán rồi,4300000000,48.0,Quận Tân Phú,2,2,Ko,Sổ hồng,Tây Nam,6,False
1219,Bán rồi,2300000000,64.4,Quận 8,2,2,Full,Sổ hồng,Đông Bắc,7,False
1220,Knc,2000000000,67.44,Quận 4,2,2,Full,Sổ hồng,Tây Nam,7,False
1221,Thuê,1770000000,76.04,Quận Tân Bình,2,2,Ko,Hợp đồng mua bán,Tây Bắc,18,True
1222,Knc,2000000000,58.32,Quận 9,2,2,Ko,Hợp đồng mua bán,Tây Nam,10,True
1223,Knc,2254000000,45.6,Quận 5,2,2,Full,Sổ hồng,Tây Nam,5,True
1224,Knc,2300000000,75.08,Quận 11,2,2,Có,Hợp đồng mua bán,Tây Nam,7,True
1225,Bán rồi,2200000000,54.28,Quận 5,2,2,Có,Sổ hồng,Tây Nam,6,True
1226,Bán rồi,1846000000,40.76,Quận 12,1,1,Có,Sổ hồng,Đông Bắc,5,True
1227,Bán,2000000000,59.52,Quận Tân Phú,3,2,Ko,Sổ hồng,Đông Bắc,7,False
1228,Knc,2200000000,72.56,Quận 9,2,2,Full,Sổ hồng,Tây Nam,6,True
1229,Knc,1700000000,72.76,Quận 12,3,2,Có,Khác,Đông Bắc,7,False
1230,Knc,1950000000,56.12,Quận Bình Tân,3,2,Có,Hợp đồng mua bán,Đông Bắc,7,True
1231,Knc,2053000000,72.72,Quận 2,1,1,Full,Sổ hồng,Tây Bắc,16,True
1232,Knc,1853000000,66.84,Quận 2,2,2,Có,Hợp đồng mua bán,Đông Bắc,7,True
1233,Knc,1838000000,41.8,Quận Tân Bình,2,2,Có,Hợp đồng mua bán,Tây Nam,6,True
1234,Knc,1900000000,50.8,Quận Gò Vấp,3,2,Có,Sổ hồng,Tây Nam,6,False
1235,Knc,2034000000,63.76,Quận 1,2,2,Có,Sổ hồng,Tây Nam,5,False
1236,Thuê rồi,6000000,40.04,Quận 12,2,2,Ko,Sổ hồng,Tây Nam,6,True
1237,Bán,2000000000,61.64,Quận 2,2,2,Ko,Sổ hồng,Tây Nam,6,False
1238,Knc,1800000000,54.0,Quận 9,2,2,Ko,Sổ hồng,Tây Bắc,8,True
1239,Thuê,1726000000,67.48,Quận Bình Tân,2,2,Ko,Hợp đồng mua bán,Tây Nam,7,False
1240,Bán rồi,1,61.36,Quận 8,2,2,Ko,Sổ hồng,Đông Bắc,6,False
1241,Knc,2000000000,59.92,Quận Bình Tân,1,1,Full,Sổ hồng,Đông Bắc,7,False
1242,Knc,1903000000,63.2,Quận 4,2,2,Có,Hợp đồng mua bán,Đông Bắc,7,False
1243,Bán rồi,1750000000,57.44,Quận 8,2,2,Full,Khác,Tây Nam,6,False
1244,Knc,1900000000,54.64,Quận 5,3,2,Ko,Sổ hồng,Tây Nam,7,True
1245,Knc,1506000000,52.84,Quận Gò Vấp,2,2,Ko,Sổ hồng,Đông Bắc,7,False
1246,Knc,6500000,76.8,Quận 6,2,2,Ko,Khác,Đông Bắc,7,True
1247,Thuê,1,40.76,Quận 2,2,2,Full,Sổ hồng,Tây Nam,7,False
1248,Knc,2100000000,70.04,Quận Phú Nhuận,3,2,Có,Khác,Tây Nam,7,False
1249,Knc,2000000000,60.8,Quận 6,2,2,Có,Hợp đồng mua bán,Đông Bắc,7,True
1250,Bán,6500000,49.96,Bình Dương,3,2,Full,Sổ hồng,Đông Bắc,6,False
1251,Knc,2000000000,64.84,Quận 11,3,2,Ko,Hợp đồng mua bán,Tây Nam,7,True
1252,Knc,1900000000,63.12,Quận Tân Phú,2,2,Ko,Hợp đồng mua bán,Tây Bắc,17,True
1253,Bán rồi,18260,49.8,Quận 4,2,2,Full,Sổ hồng,Tây Nam,7,False
1254,Thuê,6000000,57.16,Quận Thủ Đức,2,2,Có,Sổ hồng,Tây Nam,7,False
1255,Knc,1846000000,61.16,Bình Dương,3,2,Có,Hợp đồng mua bán,Đông Nam,13,False
1256,Bán,1900000000,44.64,Quận 3,2,2,Có,Sổ hồng,Đông Bắc,7,False
1257,Knc,5918000000,68.16,Quận 2,3,2,Ko,Sổ hồng,Tây Nam,12,True
1258,Knc,1630000000,79.28,Quận 3,2,2,Ko,Khác,Tây Nam,7,False
1259,Knc,2000000000,61.12,Quận Phú Nhuận,1,1,Full,Khác,Đông Bắc,7,True
1260,Knc,6000000,76.32,Quận 2,2,2,Ko,Sổ hồng,Đông Bắc,15,False
1261,Knc,1750000000,63.16,Quận Thủ Đức,2,2,Ko,Hợp đồng mua bán,Tây Nam,6,True
1262,Knc,1950000000,69.84,Quận 1,1,1,Ko,Khác,Đông Bắc,6,True
1263,Bán rồi,1686000000,49.84,Quận 8,3,2,Có,Sổ hồng,Tây Nam,6,True
1264,Thuê,2100000000,46.52,Quận 10,2,2,Ko,Sổ hồng,Tây Bắc,19,False
1265,Knc,18260,76.2,Quận Bình Tân,2,2,Có,Sổ hồng,Tây Nam,7,True
1266,Knc,2300000000,43.2,Quận 12,2,2,Ko,Sổ hồng,Đông Bắc,7,True
1267,Bán,2100000000,69.72,Quận 11,2,2,Có,Sổ hồng,Đông Bắc,7,True
1268,Knc,1788000000,40.04,Quận Tân Phú,2,2,Ko,Hợp đồng mua bán,Tây Nam,7,True
1269,Knc,1700000000,67.12,Quận Thủ Đức,2,2,Full,Hợp đồng mua bán,Tây Nam,6,False
1270,Thuê,6500000,61.36,Quận Thủ Đức,2,2,Có,Sổ hồng,Tây Nam,7,False
1271,Knc,2228000000,48.92,Quận 5,3,2,Ko,Sổ hồng,Tây Nam,7,False
